Sequence,Wavelen,LII
AAATGACGTC,558.1102544,1.142460238
AAAGAGCAAG,757.8046596,0.633163806
TGGGCAGACT,651.3342971,0.644930413
GAAAGGTGCG,590.0174359,16.27105245
CATGAGGTAA,791.863011,2.316253814
ATAATCCCTG,527.5612856,17.98194824
GCGGTATCTG,638.4555598,0.835711387
CTCCTTGGCG,941.0935263,2.281371483
TATCCCACTC,535.7077126,1.11143001
CAAGACTTAT,620.7605126,1.036764281
GTGGTCCCAT,794.7926814,0.560896876
GCCGCTACAA,819.9054196,7.60225071
ACAATGAAGG,418.8336375,0.515350976
GCCACCTCGA,682.2723663,1.198557805
CCATTTTCGG,503.2532081,1.677770648
AGCACTGACT,491.4272508,8.066097048
GCTCGCCGGG,647.1352005,1.189448514
GGGAAACGTT,981.0599178,3.03508578
ATTAAGGCCG,973.8334288,1.537044
GGTCCGACAT,611.603162,0.794577192
GTAGCGATGC,557.7150963,2.701719105
ACCGCGACCG,636.3985322,2.587941145
CTCCCTTACG,804.9881921,2.833797135
CGAATAAGGG,830.2908425,5.764612075
TCGACACCGA,545.4018223,4.976096725
TCCGGCGTCT,660.1523315,1.06002703
CTCATAGACC,655.0352082,3.977989407
CTCTCATCTC,575.359381,1.003118816
GCTCAGAATG,567.5632548,0.711658003
CATGCACCAG,592.3462972,1.151782608
AAGGGAATAA,896.8846459,0.925671015
CTAGGTCCTA,530.5929833,0.863792747
ATCCCACGAG,614.6326961,2.118122629
GTTGCCCATT,583.6073955,0.851780691
CGAAGCGCGG,684.9955415,3.033849455
TTTCGTCTCC,829.8580782,7.68742707
GGGACTCTCA,705.9397199,4.595788443
CGCCGAGGCT,632.01698,2.2118785
ATAGCTCACC,702.0420534,0.837722347
CCGCGCAAAT,570.4688725,16.54781485
GCGGGAGCGG,651.4169758,0.757570584
CAATCCGTGA,537.266398,0.681745772
CCGCAGCTGG,635.682001,2.194108573
ACCGCAAATA,635.0347931,0.570431126
TCGCCGGCGC,674.1318142,1.096638164
CCAAGCCCAG,612.0451014,3.578713278
GCGCCAGTCC,640.1166452,1.15324584
GTCGCGGGAA,701.1438925,0.643676098
TAGTGTTTCT,698.7780703,0.622469716
GAGCGCACGG,599.1919785,1.041355639
TAGCCACCAA,629.8845097,0.544073958
TAATTCGCAA,543.0316241,0.729750138
GTCCCTGCGA,905.1625221,10.47468558
CGGGCACTGG,415.3623286,0.632684852
GGCCCGGACA,682.240421,4.187805389
CCCATGCCCG,643.6399467,1.47797399
CCCAGGACTT,687.1086854,7.528576795
TTAACAAGCC,549.1128615,0.654146429
CCGAGCTCGT,634.3582288,4.063258544
GTACGGGTAA,543.5757508,0.604488911
AACCTTTCTA,493.6998182,0.945829505
ACGGACTGCA,641.2091074,0.665666313
GACTGCGACC,657.4651509,3.315026062
TGACTCACGC,585.3855863,1.823418481
CCAGGCAACT,644.4754809,1.670679074
CGAGCTAGCG,622.1911851,0.737162228
GGACTATCTC,640.4501131,0.948513668
AAGGAATTCG,660.6558837,0.988718691
TCACAAGAAT,553.847016,0.560777697
CGGCACTTAC,511.2198531,0.976985469
CGTTAAATAC,1014.163307,1.27487871
CGAGAAAGAG,506.8801523,2.757056355
ACCGGACACA,667.0721961,1.082196021
AACTAACCTA,559.4197221,0.68909547
CCAAGACCGT,928.1917895,0.730278849
GTACCTGGAG,948.9756412,0.556366074
GTGACCAACG,726.9782972,0.684655492
CGTACTTGGC,809.2233527,1.232583837
CCCACGCAAA,626.0306169,3.094645116
CCCCGATATC,687.0797923,6.013940685
TCGTTCAAGG,816.0355343,1.150701147
TCTCGGGTTA,888.5187745,0.551581005
CTAACTGCTG,607.7690782,0.535430283
AACATGGCTC,836.077136,27.5755758
TCCAGGCTAG,675.740915,2.786930256
CGAACGGGTC,597.1541812,1.920313671
TAAAGCGGGG,643.9081201,0.667339399
CGCACTGTTT,583.7000234,1.192550943
CACGGGCAGA,640.6789635,1.905534953
GGGTTCTTAG,672.0077116,2.331565715
ACGAGCGCTC,630.6930991,1.218519343
CCTACGGCGT,675.7103112,4.005403711
AGGCGTGCTG,654.6501558,1.971403342
GCAAGCGGGA,667.394864,2.793271871
ATCTCCTACT,567.376614,0.765270605
TTCTCCCCTG,518.6148883,0.838320789
CTCTCCGAAC,681.6467728,0.53601268
CCACCTTTTC,550.086592,35.63223118
GTACTACACA,528.8057286,1.235033626
ACAACCTAGA,554.37291,2.260600963
GGCAGCGTCG,616.5945607,1.471548648
ACGTGCACTA,536.3560026,4.658528512
CCCCAGTTAC,667.792002,0.642249712
GCCCGTTTCG,914.2478555,9.85803975
AGGGAAAGAG,517.2495645,17.32500556
TTGCAGGAAT,419.1252613,0.693952961
CGGGCGGCTA,638.4452628,1.106154281
CGACTGGCGA,662.2839584,4.121018551
GAGCCTCAGC,645.2186327,0.93236284
CACTCCACGG,589.3680096,2.763507463
CGCCCTATCC,642.3100633,3.425878558
TTGGCAGCAA,541.8889555,0.925779393
CGCGCGACCA,560.6891215,5.21795677
CTGCGTGTCT,580.863881,0.580139241
AGGCGAACAG,508.193005,13.05912029
ACGTCAACGT,704.4556421,17.04835626
GGAATCCGCC,716.3595433,6.012392406
CTGATGACCT,533.393659,1.453517394
GGCGTCTCAG,704.206609,4.844656292
TCCAGCCCGC,690.3972016,31.18406225
TGCCCTGTCG,627.5612407,2.389147996
CTAATATCGG,556.6819011,0.828684714
CACCCCCAGT,656.1746263,7.620012177
GCACTTCTTT,589.7689395,1.298137453
TTCAAAAGCA,963.4872812,3.651421725
TATCTATCCA,552.8768513,1.282719609
CGTCCGTGTT,704.2181685,2.696763975
AACTCGCAAA,655.0767391,6.344861252
AGGATAGGAA,534.5829034,0.543523447
ATGGGGAAAC,653.8759245,9.008634296
TAAAGCGGTA,614.1499211,0.864779673
AACAACCGAA,674.4311587,4.867789608
AGAAGATCCA,591.4712003,2.309144373
CGTTCGGATC,548.2155983,1.162443666
GCTCGTCTAT,667.329738,3.127616542
TGAGATATCG,551.7731712,0.896546975
GGCGATTGCT,624.0175466,0.565460049
AGTGGCTAGT,949.1001796,3.720562305
GGAATCGACA,941.639837,0.754811763
CACGGCATGG,716.0332074,7.714708127
GCTGTATTAA,547.6377637,0.61176132
AATCGTGGCG,653.6837297,0.750399051
GCCTACGCAA,652.0719599,0.813608263
ATCGCTGTCA,564.7222199,22.3936191
TCCACGAGAA,533.5904807,44.76400301
GCCGACCTAT,646.1566705,30.25046332
GTCAACCGCT,617.3791226,9.427813682
CACTTCCGTG,600.0342112,1.479461319
GGACAGAACG,674.3926361,4.151662221
CAAGATCGCG,586.3799221,0.636247158
TGAGGCGAAG,545.5902176,0.887139303
TAACCGCGAG,650.2894839,2.023621647
TACAGACGTC,596.1653555,1.342328655
ACTGCCCCGA,662.3916992,10.06372884
CGCGGAGGAT,653.1412302,0.993365871
TACAGAGCCG,553.1392469,0.961656918
ATCACAGGGC,640.905327,4.433887026
ATCCCCAAAC,563.0423533,122.4110233
GCTACAAATA,559.1986969,1.649873876
ACACCCGTCT,580.1737271,1.317369714
AGAGTCCAAC,481.3232588,16.48735837
GACAAGTGCA,556.911472,0.610510854
ACCTCGGAAA,581.0145733,0.719591447
GGGGCCAGGC,813.1145449,87.1544628
CCTACACTGT,545.9855172,3.842769215
GAGTTAAGAT,435.9246321,0.592747004
AGCCAACTGG,674.8129863,2.249844045
TTACGACCCA,639.5689716,55.0518525
CATAGATGTC,582.0854132,1.509884107
GCTCTTGAGA,635.5230561,0.616827611
TCTACTCTCA,505.6016303,2.913009195
GGACAGCTCT,709.171025,2.785534498
TAAGCAAGAG,535.8638364,5.130384355
AAAGAAACAC,424.6860982,1.291094474
ATCATGTACC,603.880501,1.108281598
CTCGTCCGCT,600.4560125,1.592159868
GGACGGCTCA,678.1818002,2.463494434
TTCAAATAGC,566.1684252,0.620280247
CTCAGATTTA,511.0642746,0.793984654
AGACCACTCT,558.9864175,1.371096482
ACCTGGACCG,720.5331605,10.65026604
GCAAGATTGA,524.1291773,0.744083713
AACACGATTG,941.646786,3.33203739
TAAGGCCCCA,628.0586965,5.332028725
CTGGACTACG,658.3086193,3.475599888
CGAACGGGTT,546.3009083,5.342222181
CTAGGGCCCT,621.5929257,65.36544865
CGGGGGGAGC,683.7479018,2.267699204
GTCGACGCCC,644.8199457,7.290707002
GCCAACTCGT,681.0398476,25.55228302
GGAAGGCAGC,653.8967883,4.6527452
CCTGGCTAGC,708.4811029,15.73254352
CACCCTTAGA,444.9544277,1.040823654
AGATTGGTAT,540.1252388,0.922860601
ACCAGGATCG,802.8190112,109.0255785
AAGAATCGGT,583.2986195,2.457634239
GAGCTAGTGG,541.3572187,3.152132707
ATCTATCGGT,575.6855173,0.750896024
GTCCACCACA,557.8041212,0.755666733
ACGAATTGGA,946.7337258,8.88606171
ACAAGCCCCA,637.4033846,12.96326837
GAAATCGCAC,558.7551557,4.629046437
CTCCGACGAG,630.0036922,2.103254218
CTGTCTGGAC,927.955043,0.624792552
GCCTACCGTA,550.3768831,1.082513423
ACAGAGCGGA,921.5066342,2.31884691
AAAAATCCCA,564.6104031,5.06073709
TGACGCTGTG,542.1642318,59.89852172
GGCACGAGTT,598.9404379,1.516826535
AGGACGATCG,545.5979388,10.20897122
GGGCCGCAAG,664.6086491,0.622720698
ACTGCGTTGG,886.9386533,4.43815023
CTCGGCGGCA,560.8851906,0.657192304
GTGCTTATGG,636.938235,2.401806498
GACGAGGAAC,911.956853,7.81301388
GGCACAGGCT,668.2910348,0.719801256
TGAGTTGCCG,527.1148792,1.238973178
GATTATACCC,811.8139179,2.108107155
GGCTAGCGCG,686.9039314,11.90197444
GCATCCAGAT,972.9925843,7.10839836
GAGACTAGCC,670.0757677,2.095218731
CTTTACCTCT,531.2318137,0.781019295
AGCGAATAAA,584.6780624,1.643747735
TTAGTGCTTC,672.4400456,1.944735296
TGTGAACGTG,560.9597227,6.820900259
TACTGTCTCC,853.401254,2.348482287
AACGTTCTGT,884.924739,0.686724119
TAGAACCATC,571.5428887,0.503461861
GCCGTAGCGA,671.2207565,2.846999969
CTACGAGATG,863.3649482,1.382276835
CGGAGCTACT,624.0737075,2.38312865
AGCCGCGATA,523.0230699,1.003501323
GTGGAGAATG,712.6381042,12.24922797
ATACGGGTTA,544.6398533,6.64062669
GAAAAGCCCA,539.8907932,1.458076067
TTCGGCTTCA,584.0726587,1.602201597
CGACTGCCGC,654.1462225,0.905628173
TAACTATGGT,650.1149356,5.375905547
AACCACCCCA,616.0981071,9.216164432
CGTCTAACTT,572.9264443,2.145998334
CGGACCATCG,586.452391,0.613414752
TTAGCGAAGA,939.5407584,0.545983962
ACGCTGGTGA,824.010114,10.738242
CGTCTGCGCA,599.1602656,1.020734836
CAGCTGCGCG,968.8466942,2.61753555
GGGGTGCAGT,906.7354146,4.213907355
TAGGGTGTAC,593.2885108,0.588692324
CCGCAAAGTA,593.2258039,0.599222878
AGCTTGGTAA,575.9474092,1.060824393
ATATCCCCGT,563.472053,1.015856968
CAACCATGTA,612.1348243,1.845021527
TCCTCCGGCC,626.3398999,8.254695911
CACAGCGGAG,602.525072,0.976874158
CCAACAGCCT,663.295801,0.724025319
GCGGGGTGTG,716.0921394,1.247992729
ACCATAACGT,566.207312,2.84098197
GCGTTGGCCC,678.8992401,1.645013208
TAGCGAGCGG,663.0170749,1.308826602
TTGTCGCGAT,581.568909,1.096792136
GCTGATCACA,589.8409634,1.657029926
TCAGAGACTT,561.1160075,0.799662557
CACCGCGGAG,674.9136736,1.106270113
ATGCGCTCAT,898.8939303,3.145327395
ACTCTTGTAC,578.2305429,1.111852836
ACTCGGGCAG,681.0434576,2.618596344
TCGTATTCAA,545.9800114,0.815771428
AGGACTGGCC,830.0757166,1.099747773
CGAAAGGGAA,623.2224235,1.231176189
CCAAACATTC,539.3687526,5.324193476
GGACTCGATC,904.7003373,6.95600685
CGACTCATAG,563.755473,1.382142476
GCCGATACCC,610.6938091,8.376779111
CGTGAAGCGG,505.516945,0.788427861
GCATAGAACG,622.4106075,3.0164881
ATCCTGCTTG,529.1290342,0.589247805
CGGGACAGAC,683.4322563,1.734662294
GTATCAAAGC,549.4869819,3.1837469
AGGCGATCAT,889.4797002,43.5279306
GTGGACGGTC,900.0155686,4.062027795
GTGCGGGCGG,655.0223347,1.016757339
AGACCATTTC,576.0395937,1.148701387
ACCGTCGGCC,608.54438,1.928127234
CGAGCTGAAC,698.9054197,6.143389396
AGTCCATTTA,983.8182089,0.956951961
ACCGATGCAA,542.7476021,53.79617926
GGAACTAAAG,555.8654986,2.586688287
TAGTTGCCGT,631.9438549,0.715486446
GACCCCGAAG,635.8163744,8.369713155
GCTTAACGCC,662.1803552,5.702131953
GTCTAAAAAC,805.3397209,29.8643724
TCCGGACAAT,648.894086,1.074385055
AGCCTCCAGG,614.1405818,1.182108497
TGTCAACAAA,641.7373061,21.90195259
CCTCTAGCAC,551.2853835,0.807976478
ATTATAGGAC,466.2385688,1.861817983
CTCTCGCCCG,588.891355,2.337577338
ATGTCTACCA,542.9618271,1.279388356
TGTTCCACGT,571.0136462,2.540104658
ATCTCACGCG,589.4858686,2.155394539
AACCCCTACG,520.2623892,1.404846399
TCTAAAACGT,958.279646,2.796164565
CCTCCTTTAA,563.8127886,1.013786643
GGTTCCGGGC,672.1129921,33.98186788
CGCGCCTGAG,657.8229471,1.979254433
CGCTCGTGAA,588.9607138,9.646430099
CAGATGTCCA,550.3875014,4.678493601
CTAGCGTCGC,659.4148713,8.577323331
AAACCCCTGT,583.9124423,21.18627866
ATAGCAACGC,545.2011477,1.773497033
GACTAGGTAG,978.6477419,7.29762951
AGTTGCCCAG,662.1854833,1.067093358
GGTATTGCAA,866.09081,3.038938965
GAAATTAGCG,553.4700008,0.914217542
CCCCGTTGTT,850.1473741,7.10760465
ACGAACATGC,609.4137518,3.046155725
AATACAGACG,674.1085029,1.19416394
CTAGCCTTAA,804.4505029,5.92526199
ACCCGAGCCG,656.0866497,9.855818225
AGGGCGCCGC,685.5391627,0.946738676
CACCCGGCGG,649.6080531,2.000687609
CACCGACCCG,615.7649213,1.8929966
CCACGCCCGC,626.357224,2.180774919
CCACGCGCCG,621.5261184,2.794835994
CCCACCGCGC,634.6122384,5.693191423
CCCACCGGCC,661.9296696,5.797802961
CCCCCGGACG,654.3281914,29.4458163
CCCGGACCCC,679.9503102,14.97505596
CCGCCCCGAG,698.6032049,17.62016481
CCGCCCGCCC,641.6111575,17.21611716
CGACGCCCCG,625.5891152,0.725730205
GACGCGGCCC,652.1620984,9.804558731
GCCCCCGACA,627.0052148,7.455799323
GCCGAGCCCG,655.4077558,1.72030947
GCCGCCCGCC,568.9976133,67.40009845
GCCGCGCCGA,669.5948055,7.43981604
GCCGGCCCCG,535.43331,5.440742813
GGCCGACCCA,642.4740863,14.44021141
TCCCGGCCCC,663.8965426,4.091107103
ACCCGGCGCG,898.8322777,92.5235565
ACCGCCGGGA,679.9268931,37.49669625
AGCCCGAACA,542.5710109,1.232816234
ATCCCGCCCA,655.1221869,3.728625422
CACCCCGAGC,889.750278,41.63829465
CCACGACCGG,640.0416669,35.66809118
CCACGCGGGA,649.6090061,5.167472847
CCAGCCCGGA,670.0105519,92.34792012
CCCAAGCCGC,627.3232857,8.202224489
CCCAGCGCGG,649.0923807,8.753520893
CCCGGACGAC,672.6837709,30.86899723
CCGACCCCGA,584.502537,18.03227939
CCGCCACGCG,656.7034507,5.842691659
CCGCCCGAAA,666.8385232,4.727888937
CCGCCCGGAT,672.9048284,23.21456589
CCTCGCGGCG,643.8044023,75.30143964
GACGGAACCC,670.5794903,1.603376733
GCAAGCCCGC,678.3813978,2.912049535
GCACGCCCCA,612.7441078,1.302549176
GCCGACCGCG,649.8166236,13.31108101
GCCGCCCGAA,581.0744255,17.94297441
GCCGGCTCCC,638.0368408,71.59751563
GCCTCGCCCC,640.7935328,2.535694214
GCGACCCCAG,629.3613858,27.18615053
GCGATCGCCC,636.5379473,1.579724098
GGCAACCGCG,647.0987232,4.730236372
GGCGACGCCA,586.8411407,2.879864899
TCCCGACGCG,619.920965,1.282096238
TCCGACGCCC,559.9714568,3.889518657
ACCACGCCGA,636.1757648,2.958129267
ACCCCACCCG,612.8462708,17.85208627
ACCCCGGAGA,563.2320941,53.4277467
ACCGGCCCTC,535.5532528,8.419195169
ACGCACCCAG,593.0042246,44.2076277
ACGGGCCTCG,652.0321121,3.484554334
AGCGACGCCC,883.4988922,2.328505035
AGCGAGCCCA,697.5725824,12.08296814
ATCCCACCGA,641.6082212,3.866355792
CCAGCCGCGC,610.6480695,8.841893085
CCCCAGCCCT,543.7161316,17.4143473
CCGAAGCGCG,632.533235,4.553158009
CCGCAACCGA,612.4992806,2.410652042
CCGCGACCAG,652.5483843,4.002575655
CCGCGCTCCA,632.8953191,1.02377486
CGCAAGCCCG,600.8426488,2.353725692
CGCCAGCGCT,628.1171718,1.58875889
CGGGAACGCG,661.857762,3.385721271
GCCGCGAGGG,647.9445676,4.159101899
GCCGTCCCCA,634.0911717,7.935342931
GCTACGCGCC,647.7495894,14.70436024
GCTCGCGGCG,680.0049812,2.694734716
GGCAGCGCAC,650.864355,7.469958269
GGCGAACCGA,609.626597,2.225402336
GGGCTCGCGA,655.1385954,0.886132699
GGGCTGCCCG,692.862091,1.547685429
TCGACGCGGC,641.3804982,37.73224248
AACCCGCCAC,484.2007907,2.209420795
ACGGCAACCG,610.0336705,84.30073355
AGGGCAACGC,692.1149146,3.787773858
AGGGCCCAAC,633.5395632,2.847088295
ATCCCCCGCG,661.0871952,25.18320443
ATCCGAGCGG,639.4064613,2.542528235
CCAGCTCCCG,652.9165949,123.1599659
CCCACACGCC,654.1733163,40.16122081
CCCCAGCTCG,667.2100081,14.96994321
CCCCGCGAGT,573.2012778,10.75982788
CCCGCCCCAT,689.5067441,9.915855974
CCGACAACGC,605.0988568,9.816541806
CCGCGACTCG,607.6722075,1.113250096
CCGGAACCGA,645.4992269,1.274359555
CGAACCGGGC,857.6352302,143.0333118
CGACCCACCC,609.8120437,10.86947623
GAAGCGCCCC,576.1948622,5.295000722
GCCGATCCCG,674.8995293,8.720832264
GCCGCCCAGG,576.1230401,12.15704553
GGAACCCCGC,582.7509805,10.30643363
GGACCCCCGC,613.4039984,14.25321224
GGCCGAACGG,651.6495298,16.3477201
AACAGCGCCC,592.6972224,13.52022259
ACCAACCCGC,658.8050909,23.27428249
ACCGATCCCG,575.3578858,2.170539044
ACGCCCCCCA,529.2149287,4.380932828
ATCGGCCCTC,627.2914832,0.591086249
CACCCGACGT,624.3508278,4.03546824
CACCCGGCTA,676.9435412,6.825942116
CCAGGCCCCC,661.4882941,1.630455143
CCAGGCCGAC,659.5898531,8.26423348
CCCGCCACGT,591.301725,2.543366714
CCGCCCCCAT,655.7621364,5.763257669
CGCCCCCACC,687.1279044,36.65026732
CTCCGCCGCC,595.1664452,0.535046649
GAACAGCCGA,610.1015034,5.170693971
GCCACCCCCG,687.6215721,1.173112102
GCCAGAACGC,557.8549482,22.48694922
GCGATGCCCA,747.1758906,7.672154605
GCTCCCGGCT,634.7595811,17.12343897
GGAGCGCCCT,562.4918162,7.182868282
GGCAACGAAC,647.4986108,4.698783975
GGCGCCGCCT,660.7772168,1.690589835
GGCGCGAGGG,673.0814422,3.736917628
GGCGGGCAAA,543.4644084,0.806032561
TACGCCCAAA,577.4587217,3.160443882
TCCGCGCCAA,606.8816872,3.07224273
TGCGCCCCGC,613.0706667,7.340590893
ACAGCCCGCA,671.2084417,6.870459783
ACCAACGCCC,517.5467935,7.285194968
ACCCGAAACG,662.9290507,6.259739206
ACGCCCATGC,687.0858388,7.887664684
ACTCCGGCCG,648.0370234,6.542478017
AGCCCTCCCC,560.3148151,3.133231378
AGGGGCCCAG,677.8893881,1.426500051
CCACTCCCGC,657.0690191,1.971559532
CCAGCACCGA,625.9687622,15.6597256
CCCAAGCTCG,552.2901381,0.740432843
CCCCCGAAAA,684.9065415,110.0955405
CCCGAAGGCC,542.4442353,2.138165251
CGACGGCAAA,595.3931432,3.443521839
CGGCCCACCT,665.5386835,75.3777088
CTACGCGAAG,607.1713681,1.504486057
CTGCCCCCGC,700.5528067,8.749016611
GACAGACCGG,892.398114,3.793486095
GACGGAAGCC,972.2511985,0.536274756
GAGGCACCGG,695.4712599,1.521003614
GAGGGCGGCA,919.5691951,4.51961907
GCCCATGCCC,630.8518293,1.477531736
GCGAATCCCC,596.0542381,8.217923865
GCGCCCAAAC,629.4738284,3.406975763
GCGCCCATCG,598.468618,4.911155128
GCGGCGCCTA,623.5549184,2.056878301
GCTCCCCGAC,641.4980071,4.714932901
GGACCCCCGT,614.3943253,43.19270559
GGGCCACGAA,866.412907,3.960698595
TCGGGCAGAC,686.404491,11.05777824
AACGAACCCA,549.9368364,3.106777769
ACCCGGAAAG,672.9184765,19.70436834
ACGCGCGCAA,657.615795,3.985643769
AGGCTACCCC,629.5614074,1.788826144
AGGGGCCGAA,605.4555601,2.636251291
ATCCACCGAC,660.6094889,7.440846433
ATCCGCGAAT,563.8645922,1.043233521
CACCTCCCCG,583.6254171,1.979622701
CCGGGGCCCA,725.1831058,11.64971419
CGCCGATCCG,633.4888713,2.162014956
GCCCCCCTAG,617.1121575,14.45246219
GCGACGAGAC,623.5160652,1.163640967
GGCGACTCCA,647.6908055,1.690020127
GGGAGACCCT,655.6197974,15.82928414
AACGACCCGG,900.2366557,9.41229315
ACCGGAACCA,830.5490295,3.163791121
ACGGCAACCA,648.9280488,408.4818424
ATCCCACCTC,652.8583202,23.00576725
ATCCCTCCCA,574.8459704,9.568830804
ATCCGGGCAC,661.8991732,21.32043429
CCTAGCCCCG,674.0676755,7.173468759
CGACAGGACG,603.0985561,1.312224523
CGAGAAGCCG,582.3222516,0.538584925
CGCCGGGAGT,650.1133675,0.547376433
GACCAGAGCG,676.460442,2.209269327
GAGAGCCCGA,572.4128454,5.629372127
GCCCACACAA,625.0996973,33.44600615
GCGTGCCCAG,950.2552481,0.881432946
GCTCCGGACT,874.7791651,20.21524425
GGAGAGCCCC,667.6708119,10.03086545
GGCTCGCCAA,652.0892105,5.845069785
TCGAACGCGC,691.7315546,2.524567988
AGCCGCAAAC,635.848982,5.549373017
GCCAACCAAA,658.9528686,12.93851942
GCCGCAGCAA,641.2091074,1.426036971
GGCAACCTCG,724.0211072,5.493260802
AACCCCCGGT,600.273939,50.11446448
AGGACACCGA,597.4392657,1.185642665
AGGACCCGAA,720.386582,2.995030563
ATCGCGCAAA,681.0083318,13.85619906
CACCCCCCGA,547.1884565,8.742682621
CACGATCCGA,620.4579093,1.051013055
CCCAGGAAAA,543.9432207,0.932032049
GAAAGCGCGA,514.6331686,1.385071757
GAACTCGCCC,645.7435725,15.9423339
GCCAAAGCGC,686.3842371,2.460728901
GCCTCTCGCG,650.141117,26.37236415
GCTACTCCCC,640.7782987,4.166940211
GTCACGCCCC,663.094235,2.926811471
TCGCCCAAAC,621.0675489,5.3597227
TGCCCCCAAC,534.786343,31.20875593
AACCCCCAGC,600.1642772,12.2559479
ACACAGCCGA,631.7978485,107.6392546
CCCACCAACA,625.9615156,3.866929188
CTCCGATCGC,629.3232431,3.204122685
GACCCCCCCG,675.7125576,6.098902259
AAGCCCGCAT,652.0891762,0.618207202
ACCTACGCGC,599.7984179,2.53126775
CACAAGCCCC,669.0972728,13.85292019
CCACGGCTAG,626.9470351,18.07016454
GATCCGCGGG,663.3453067,2.762832817
TGACCGACCC,866.1931758,6.78606051
AGAGCCCTAC,890.5801863,34.3250031
CCGGGTCCGC,559.0881994,0.839009422
GACGAAACCC,613.0010112,2.408457987
GCCGACCCTT,659.7209398,1.144097638
GCGTCCCCCT,635.9265038,2.756825288
GCTCCGCTAG,621.9110805,1.093658423
GGGACGCGTA,708.7626234,0.942476495
AACCCGCGGT,653.6005435,0.62870593
ACCTCCCCAA,590.9142857,39.6074434
ACGAGGGCCC,679.8078191,4.632138992
CACCACCAAA,549.5494052,2.16497724
CCAGCGGGTT,585.6045252,11.02635576
CCGCCGAATA,572.1013053,11.19264492
CCTCCCCAAA,676.3006689,6.732995086
GAGATCCGGC,668.9419691,3.325451961
GGAAGGACCG,508.3358958,10.33141746
TACGAGGCCC,678.2852765,1.780259775
TCCCTCGGGA,705.3049776,1.336248111
AACAGACCCC,648.7528387,5.469145977
AATCCGCACG,612.3724943,0.967102623
ACCGACCTAC,600.6566538,3.997044537
CCACTCCCCG,636.6686615,12.67006056
CGCGAGAGAA,634.424577,2.047171839
CGGCTGGGCG,642.0476277,2.721916243
GAACGGCGGT,568.2073176,4.414443886
TCCCACGGAT,603.755061,6.258765991
ACCGGGGCTC,676.8523348,0.717757122
ATCCCAAGCT,585.069791,5.74816888
CCCTCCCCCT,585.069791,5.74816888
CGCGCGCCTA,689.8032414,3.165231232
GTCCCCAACG,640.5637401,3.452768467
CCAAGACCCA,645.5187866,3.816709855
CCGAGAGAAG,841.672255,16.77197565
GCGGAGAACA,540.8640795,7.423203506
GGCCGCTAGT,581.5650081,1.515214712
ACCCCACCTA,579.4226534,124.032531
ACGGGGCAAA,666.8793154,26.52597264
ACGTCCCGGG,692.0731248,2.445255848
AGGCCCGCTT,644.9183015,1.064071728
CAAGGCGGGG,646.4580688,0.737750466
CCACCGCTGT,623.0444739,8.471631466
CCGAGCGTCC,661.0025371,13.81491577
CCGCCCTAGT,692.001541,2.821865437
CCTCGCAAAC,631.3300138,1.47976416
CCTGGCCCCC,673.56236,3.904616351
TCCGCAACGT,682.9899284,2.470820293
AACACCCCCG,659.4155377,18.47165877
ATCCCCCCCG,658.3465497,8.597689395
TAACGAGCGC,582.7761808,1.114833626
TCAACCCCCG,645.8701885,41.98034839
TCGGCTCCAA,564.5864151,0.775683888
TGCCCCTCCG,674.4393729,26.83750868
CCACGTCCCG,641.6139985,0.707082123
CCCCCGCATA,638.6439525,31.99120947
GATCCGGGAG,644.7208957,2.086284063
GCTCGTCGCC,644.9183015,1.064071728
TCCAACCCGG,659.7573795,18.33395872
AGCCGACAGT,667.4113002,1.006713056
ATCCCGTCGT,639.3764883,2.660396045
ATCCGGGGGA,862.5427297,0.904252443
CAAGACCCCG,644.1953741,4.879707736
CCTGCGCAGA,636.9827061,0.950132274
GACAGGGGCG,656.7129467,1.711904783
TCCCGGTCCC,670.8118367,4.654364313
TGCTCGCCCT,562.9128653,0.930067873
CCGAAACAAC,638.2439599,0.53447196
CCGGTCACGC,603.7151083,1.026798516
CGGTCCGGCA,653.2822265,2.085554597
CTCGCAGAAC,900.9528383,40.3939014
AGGCGGGATA,647.6465182,1.331570145
TCCGCCGTCT,660.65004,0.612311107
AGCCGAAACT,645.9058208,4.038660197
CACAAACCCA,652.3114579,184.004925
CCGCGAGCAT,578.3812047,7.28398505
CGTGGCCCTG,675.7468593,2.511152321
CTCCGCAAGT,625.4832563,3.903326509
GTATCGCCCG,558.6461825,9.186018446
CGTCTCCGCG,648.9785038,1.798884551
GCAAGGGGCC,642.3753063,6.809176638
GCACGTCCCA,646.1859692,1.012690849
GGACGACACT,522.8464402,19.21946025
GTCCACGAAC,544.5754404,4.111435032
ATGCGGAATG,687.7101348,1.222789371
CCAGGCGTCA,549.7862944,1.007601017
CCGCCCCTTC,533.1594941,8.684395167
CGGGCCAAAC,888.2326242,2.9335125
GAGGCCGTCA,994.2728922,8.79958506
ACAACAGGCC,633.119283,3.120884589
CCACCCCAAT,537.5589044,4.860730412
ACAACCGCCT,651.6488002,4.755216247
AGAAACCCAC,536.7391916,4.85494245
TCAAGGCCCA,655.6047099,1.721929889
GATCCCCAAA,560.7661124,6.775004777
GATCCCCAAC,565.0924466,41.78709311
TGGGACCGAA,809.006015,22.81086015
CGACGATGCA,637.0570021,3.194267472
CGAGAATGTC,557.5201839,2.309469852
TGATCCCTGT,524.411241,2.218040895
GCAAGAGAGA,574.809832,0.685682982
TGGACGAGAA,629.7410526,0.670236546
CAAAGAGCGG,660.4731935,10.45616742
ATACGGAGAT,577.3419931,1.147167311
AACAGAGCTT,532.5493732,2.206219893
CACCGATGCT,558.8033819,3.406067529
TACCGGGTTA,561.2403409,0.576633333
AATGACGTAC,1048.395171,1.900696245
GAGAACTAAT,444.7565699,0.500595176
CGACACGATG,653.6018528,0.619513781
ACGATCCCTC,662.9500354,5.246561403
TTTCCACGAC,903.1859019,9.1054425
AATCCCTGTC,527.3567505,2.782388551
TGTGCAAGAT,544.5897445,1.303226701
TTATCCCACC,604.0172829,34.98610259
ACCGAACGTC,635.8707593,8.06379653
AATGGAGAAC,519.8934628,1.282777173
GCGTGCACTG,586.0396503,1.017098245
ATGCGAGAAC,546.3079131,1.4637578
GAGAACGAGA,589.9733289,2.187069919
CACCGGAGAA,588.6834156,4.099120516
CTGCAAGATT,549.9915473,0.929571989
AGAGCGAGAA,430.1739471,0.653815413
TCCAAGAATG,588.054255,0.940379904
CGCGAGAATA,580.4775528,1.42619018
ACGGGTTCAC,676.1790631,0.555344626
TGGAGAACCC,672.4030302,2.319260036
TCACAAGCCC,597.1921699,4.216061094
AACTAACACC,708.2070675,1.369045542
ATCCCAACAG,508.9345532,2.311928082
CACCGAATGA,629.6281628,0.746019622
GCACGATGCC,687.4452393,3.054636532
GAAGCAAGAT,613.3188331,2.82966617
AGAGAACGAG,446.0961449,0.563564342
GAGGAGAAGA,434.0433227,1.316772248
TCCCCTGTCA,532.6762178,2.89278045
AAACGGGGTT,584.6259285,10.38625935
TAGCCCCTGT,561.8362619,5.980957732
GCAAGAACCC,770.8249251,1.987419428
CCTCCCCTCA,680.2860079,18.25909684
TGCGGAGATT,668.905879,0.503474121
TGCACAAGAA,555.9300452,5.645307394
AGCAAGATTA,566.8192931,0.732293069
CGAAGAATCA,542.6939832,5.847350921
GAGATCCCAA,649.2868456,3.37681419
TGGATCCCAA,651.7522552,4.852977894
CCTCCACGAA,540.1262506,1.635785386
CCGCGATGCG,644.9313714,2.220356768
GAGCGAGAAT,546.6675177,0.99387851
TCGTAGCGTA,673.8271359,1.649698618
ACCCGGAGAT,670.6124603,18.60273344
GGAAGCCCCG,679.1815002,9.539963922
TGAGGCGATA,652.6455048,0.594717779
CCGCAGAATC,612.8540682,0.53661686
CGAGAAATGA,626.404249,0.885920775
CGCGCAAATT,628.6073765,10.09488053
AAACGAACAG,652.2475951,4.744166277
TCCCACAGAA,521.0587905,4.699378738
GCGCGAGAAG,665.8377166,14.70800163
ATGGCGAGAA,561.4273893,0.921868145
CGCGAGAAAT,561.4378128,0.942881192
TTCCCCAATC,559.4462013,1.804904494
ATCCCAGAAG,582.2542396,10.0198799
GAGAAATGAA,541.159738,0.871183385
CCCCACGAAT,670.869404,21.64540722
ATGCAAGAAG,405.8948986,1.105254961
GGAGAATCAC,494.7296317,0.944581978
CCCCAACAAT,582.897244,14.12779777
ATCCCCCTGC,679.1283974,22.32848258
AACGGAGATT,990.6550072,0.549345666
CCGCAAGATA,606.8137872,0.759266342
AGGGAACTCG,644.1334921,0.570606888
ATCCCCTGCA,692.9454249,1.486778879
TGCCAGAATT,562.6486496,16.99778491
GAAGAACGTC,433.6791771,0.519060335
TCACGGGTCT,534.5196628,5.854289829
ATGGAGAATC,581.3098967,1.252156015
CGACCACTGT,558.0930958,1.231885543
AACAGCCCCA,647.0848426,7.182201602
GAAGAAAGAA,433.5230332,1.020718415
ACGTAGCGTC,636.2142302,9.417357548
ACACCAGAAT,571.1904777,1.198545335
TGAACGGAGA,605.6826086,8.28413486
CGCGCAATCA,573.658308,2.481784625
CGAGAAGATG,513.434624,1.491991798
TCCCAACTGT,573.1051991,0.925608373
CGCGCAAGAA,618.570718,0.89424178
TGCGAGAAGG,429.4575803,0.899086074
TAACGGGAAG,591.3564667,5.2860129
CCCAACTCGG,695.1579246,12.6936879
GCACGGGTTA,629.6640721,1.196480644
GAGCCCCCAA,650.8401003,21.94960524
ATACAACCGA,554.6044428,1.094250612
GAAGAACGAG,422.0872835,0.575442764
GAAGAGAATG,432.8673876,1.067077959
GTAGCGATCA,559.8460468,1.068479425
CGAGAATGCA,565.4923284,0.817575378
ACGCGAGAAT,580.4856166,1.533970342
CGAGAACTCA,896.0209736,15.6314295
GCACTACCGT,574.8310987,0.640233677
GAGAACGTCA,552.59404,0.80366905
CGGAGAGCTT,553.7750223,8.66196046
GGCACAGAAT,539.0968203,6.049213073
CGACACGAGA,641.5986921,5.228382162
TCCAAAGAAG,584.7147519,0.947670587
GAACTAACCC,560.616968,4.895688007
ACGGAGAATT,642.3488647,1.83410195
CCCCGGAGAG,673.4297758,8.520510771
GTAGCGAACG,689.243195,4.075413533
AGAAGAGATG,438.9017992,1.381557158
CGACAAGAAG,420.1606052,0.599846406
GGAGAACTGT,607.527406,1.327435876
CCGACGAACG,618.1212586,2.413352689
ACGGAGAGAA,584.1973001,0.67785676
CCGACACAAA,656.1380117,4.289966688
GCGTGCATGG,673.9107521,2.625043958
GCAAGATGTT,951.589896,9.8499069
GCCAAGAACG,646.7494618,3.798865362
ATCCCCTGTC,770.7488451,2.893016201
GCCACGATGC,655.7458008,2.342154699
AACGAACCGT,976.6875835,1.46037081
ATCCCAAGAA,551.5585139,25.11722034
CGGGGAAGAA,693.6597736,2.326878039
ATCCCCACTT,612.7247579,3.948157812
ATCCCCACCA,555.2131638,23.42254762
CCCTCCCCTG,693.129884,3.159880488
AACGCCCCCA,533.4447673,4.571488861
CGGGAGAATC,578.8116734,11.00879374
ATACGAGAAG,600.5021953,15.3989361
TGAGCGATGT,589.6727575,0.971920226
GTAGCGACCC,615.5669675,0.553459745
TCCCGAGAAG,659.3332356,62.20479578
GCGCGATGCA,633.2138654,0.994480307
TCACCGATGA,612.6783412,0.655831288
AACCGAGAAG,591.2510254,46.43707537
CCAACTAACG,666.1877009,0.801001607
GAAGCCCCGA,664.8753482,6.672094098
ATGGAAGAGA,901.2786967,11.33671287
AGCACGAACG,531.4633768,1.928901047
CAAAGAGCTT,571.4347283,0.618718434
AGAGCCCCCA,627.4412246,17.22068556
GAAGCCCCAC,521.698077,2.689016662
CCGCGAATGA,688.6239046,0.966607475
CGAGAATCAG,551.6655884,5.788509471
CGACCAAGAA,605.3224933,1.552186994
CGGAGAAAAT,593.4425382,0.683904529
GAGGGAGAAG,429.7468673,0.519041668
TTCCCCAAAG,659.9042677,1.309939835
CGCCAAGAAT,579.8334544,2.86803538
CAAAGCCCCA,637.340042,10.42733795
TCCCACGATA,643.7586393,16.31516877
CCGCGCAATA,685.2045478,1.145475807
GAGAAGCCCC,688.0000491,37.44961937
CCGCGAGAAC,571.2906747,1.658591845
TAGGCAAGAA,534.4637404,1.103658748
TTCCCACTGA,560.1720608,1.238336114
GAAGCCCCCG,655.9094958,11.53519511
AACGGAGAGA,585.9042989,15.13397256
GGCAAGATGC,652.1632304,0.846225138
ACCGAAGAGA,588.7887482,1.128071194
GCACGAACAG,544.2438568,0.77171386
GTAGCGGAGA,523.1270584,0.885050843
AGAAGAGAGA,434.3446201,0.57527343
GAAGAAATGT,642.2054957,1.055792741
GGAGAACCGC,642.2054957,1.055792741
CGCACACTGT,581.7650054,0.505243109
GCAAGAGTCT,575.607315,1.029582141
CCGAGAATCA,548.6694936,1.847668657
TTCCCAACGA,602.5921063,0.749061648
CGTATCCCAA,671.3632329,5.203773488
TTCCCACGAT,546.6127841,0.735384341
CCAAGAATTC,561.1955796,0.553403941
CGCGCAGAAG,638.7446748,0.838949483
TCGACAGAAG,526.4689603,2.078206595
GCCAACTAAT,662.6144604,83.27718566
ACCGGAGATG,882.5887459,1.455637713
GCGCGCAATT,705.1298103,2.588477909
CCAAGAATAG,816.4359783,2.258071845
GGAGAACTTA,977.8968916,2.957340735
TATCCCCATG,570.923589,0.546700129
AATACGGGTT,554.1445624,9.184022441
CGGGAGAACG,408.0418216,1.285311266
CGAGAATAGT,524.7417794,0.784116542
AATCCCAATA,547.3730352,3.321418401
GAATGACGTA,1042.149017,2.09920416
AACAGGAGAA,423.5983266,0.7770906
AACTAACGAG,716.851835,6.631894339
GAGAACACCG,592.9975197,0.587887976
CCGAGAATGC,662.5792057,2.323659433
ATCCCAAATC,577.4873397,6.991505044
GAACGTGCGG,712.6120539,1.652245117
AATTCCCCAC,590.0910679,2.322471982
GCAAGAGCGG,703.7035589,24.11975337
AATTCCCACG,694.9905422,0.811451597
GGCAAGATTT,426.9847032,0.560954462
CCCAGAACGA,651.090695,0.76041411
ACCCGATGCA,625.3629926,13.18733112
CGCGCAATGT,864.4929271,11.63668035
ACCCAGAATA,565.795866,17.59038642
CCAACGAGAA,868.9180701,0.808787208
ATCACGAGAA,563.7438867,0.739619633
CGTAGCGTCA,593.7007702,0.685417803
CGAGCGATGC,588.2457296,2.474413879
ATCCCAATCA,565.100619,2.802610752
GGGAGAAATG,524.6897715,0.656229646
TCCCGGAGAA,671.2047681,5.314126078
TGCGACACCA,647.7153336,1.50484812
AAATCCCCAA,579.9144639,4.130100322
TCAGCAAGAC,561.2263427,1.139756568
TCGACGATCA,905.5456478,13.82324505
ACGGGTTTCG,932.2579706,2.85116637
ACCGAGAAAT,679.4881958,0.9284794
TCGCGCAATG,703.2946066,14.89999709
CCGACACCGT,901.6453468,0.70981845
ATCCCAACGC,628.2455961,3.105621753
GTAATCCCAC,538.7301789,1.175239919
CTAAATCCAC,493.389853,3.089792824
TTCAATCCAC,532.9106749,1.020328411
TGAATCCACC,554.0097344,0.751365791
GGTAATCCCA,664.3648125,2.334389983
AATCCACGTT,563.7568829,2.973813804
GTACAATCCC,629.0740874,2.419772764
CAATCCAATC,555.9283554,1.330374201
TAAATCCCAT,606.9968786,1.83606258
GTAATCCCAG,542.0496751,1.038658101
CCAATCAATC,537.1326086,1.55197562
CCAGTCAATC,565.6047271,3.31443207
CTGTCCAATC,656.5200542,2.948217612
CAGTCCAATC,986.8121501,1.72709415
TCCACAATCT,548.9956508,1.396178868
ACGACAATCA,554.2374779,1.712284691
AGTCCAATCC,572.6044016,3.041527199
CTTCCCAATC,679.5334887,2.095748961
CAGTCAATCC,597.9564404,0.793024712
AATCCAATCC,994.8344999,6.12258234
ACCACAATCA,565.8923375,5.664068543
TCCACTCAAT,565.6199767,0.880031642
AAATCCAATC,566.7418229,1.245351147
AAAATCCCTA,565.4686265,3.877202043
AAAATCCCAA,560.0797737,11.0672368
CAATCCAGAA,548.5561666,5.252461823
AATCCAATCG,572.3078427,0.9795522
CGACAAATCA,552.8690411,4.584344043
TCGACAATCT,552.4403734,0.925663789
AATGTCCCAC,587.6002484,4.470692442
TCCCAAATCT,579.4621906,2.436327836
GTTCAATCCC,565.5758815,2.257767709
CTGTCAATCC,559.195393,1.199042814
AAATCACGAC,552.8776649,3.101819492
CCCTAAATCA,591.5174165,22.51253737
CCGTACAATC,575.8554413,0.603354318
CCACAAATCA,558.9661532,2.757466243
CCTGTCAATC,575.4516712,1.657684035
TTCCAATCCC,550.011209,0.791483994
AGTAATCCCA,566.0009936,9.508478628
CAGTCAATGC,632.2495467,6.706916193
CCCACAATGT,517.9534313,3.87237721
TTCCCAATCG,523.1563897,0.583239846
CCCACAATAA,651.9306285,16.5172946
TCCCATAATC,578.9775,2.651100153
CCACAATCCC,549.662914,0.791390028
CTTCCAATCC,575.9391153,3.278869999
CCCAATCTGA,566.3569172,7.407631534
CGTTCCAATC,547.8987195,0.928041478
GGTTCCCAAT,663.8366825,1.664611221
GGAATCCCAG,678.6520325,1.287874983
GGAATCAATC,586.3635824,0.788223005
CCTTCCAATC,569.4139479,0.691026465
TCCACCCTTT,684.0055096,33.20184074
CCACAATCGG,555.0512788,3.454494058
GTTCACCCTA,652.8593539,0.959106567
ACGACAAATC,557.4543328,22.64256226
CTTCAATCCC,642.3729978,1.588414263
CAATGCCTGT,511.5914711,0.788561481
ACGACAATGA,577.447913,0.532891203
AATGTCCCTA,527.3454681,0.523491704
AATGCAATCC,538.3115397,0.553501513
CCGAGTCAAT,555.6263308,2.736957745
CCACACAATA,560.1533944,1.924262303
GGCAATCCAC,579.660087,8.386650924
AATGTCCACA,557.6491489,1.383074046
TGACCACGTA,803.4375506,0.818175216
AATCAGAACC,562.8261114,1.132099593
TCCCAAGTGA,581.8162208,9.452708962
ACCCACATTC,548.2051994,1.14116253
AATCTCCCAT,552.1943304,1.728520975
TAATCTCCAC,552.8443963,1.768386958
CCCCACATTC,555.1327785,1.353191358
ACCCTAATCT,611.6701133,1.93984449
GGCAATCAAT,572.6997251,1.575169164
TTCACCACAA,546.5711207,3.70747378
TTCAATCCCA,555.7940829,1.503566734
TAACCAATCC,522.1775685,1.221459091
AGTAATCCAC,513.8262282,1.376671928
CTGAATCCCA,694.3795662,0.626962849
CCTGACAATC,575.5145501,0.621696733
TGTACCCACT,525.8774132,2.362949941
TTCAATCCGA,583.3878456,3.423121003
TAAAATCCCT,551.5139078,1.714882176
TTCAATCGAC,548.7592146,1.094465407
CAATCCTGTC,672.6934281,41.06658487
TCCACCACTT,560.2414163,1.509809187
AATGACGACA,953.2045086,2.33374191
AGTACCCTGA,530.5203324,0.937212221
CCATTCCCAC,519.7460661,0.960096691
AATGCAATCG,541.8186469,0.561945574
TCCACTAATG,495.8169981,1.124112233
ATGACCCTAA,612.2378998,6.82706677
AATGAGTCCC,629.6833175,1.015334679
CTAACCAATC,537.5690897,6.457976033
CCCACAATGC,521.6518284,2.32165873
AACAATCCGA,718.2756326,3.87899354
CAATGAATCC,547.5984834,0.622517994
CCCACATTCC,546.3710868,5.491857727
CCACGGTGTT,579.287536,0.850018029
GTGAATCGAC,547.8187825,4.381327894
AATCAATCAA,599.1890248,3.338242668
CAATGCCTGA,532.7141418,0.947532137
CGACATTCCC,698.1403675,6.906580543
TACCCTAATC,613.32812,20.86443403
AAATGCGACA,938.0093426,1.210507545
AGTACCCAAT,580.8444241,1.340740188
CTTTCCCACC,621.7306676,15.59679157
CCCAAAATCA,571.1197794,8.110891002
AGTTCCACGG,559.6788416,0.79399854
CCCACAATCC,542.3589437,7.164757566
GGAATCAATG,415.033343,0.698105375
CTGAAATCCC,430.4094025,1.151301827
GAATCAATGG,542.9681759,3.554875432
GAATCCAGAA,513.8463309,0.670205802
TGACCCTAAA,626.9304233,2.518725824
ACCACAAATG,680.7701404,6.610356312
CCCCAATCTT,533.4720122,3.966470917
TCCCAATCTT,599.8147133,2.208251047
GTGAATCCGA,558.3191057,0.551934122
GCAGAATCGG,581.7145087,0.561547112
CCTGACCAAT,858.9521344,5.16820191
AAATCCAATA,576.9905058,1.023862512
TGACAATCGG,541.9345509,0.58243583
CCACCATTCC,534.6181832,3.140454167
CCCTTTCCAC,671.2725514,0.73626017
AATCCAATAA,602.8187161,1.388580407
AAAGTCCCTA,541.4278983,1.101192418
CAATCTGTCC,557.0162809,0.564131512
AATCGAATGG,738.5247981,0.663398251
CCCTAATGAA,563.4108562,0.869032686
AAAGTCCACA,569.2604562,0.866378536
TCCACAATCC,1198.939516,2.327658435
TCCAATCCAC,567.9278495,2.925078172
CCCACAATCT,509.2928758,1.049586704
CCACACTCAG,571.2173198,2.988803855
GAATCACCTA,493.1302973,1.660125683
GATCCACAGA,564.118247,1.541124643
TCACTCCACA,566.59576,4.608603743
CCATCACATG,591.0261121,1.5806205
CCCACAGTCA,893.490345,3.007541955
GACCATCACA,572.5395226,1.035826072
CGTCAATCAG,569.7376993,0.657512564
CCACTACACT,506.1374311,2.782249869
AGATCCACTG,593.2642667,0.907765021
CTACATCACA,577.8275566,0.582827967
TCCACAGTCG,559.5159579,3.259870394
AATCCCACAG,688.6240576,13.84670459
ATCCCAAAGA,551.315208,13.90141357
GTCACGATCT,580.4995484,24.6224581
ATCGACACAT,585.4132539,2.109609056
CGACACTAAG,573.6746463,2.943932143
ATCATCCAAA,558.4619359,5.850315586
ATCCACAAAG,595.735045,5.94669206
TATCGATCAC,558.402363,4.667912765
CAATCGACAA,566.6604023,22.01213038
GACTGCACAT,558.852624,0.941659864
AGAATCCACA,534.5642812,1.516427355
ATCATCACGA,906.6185595,6.37210041
GAAATCCACA,627.1292514,26.70869579
GAGTCACGAA,540.4716347,1.498477926
TGTCCACGAT,533.0626724,5.009055436
ACAATCGCAG,556.4138256,1.270475848
AGATCCAATG,598.4268779,2.04971444
CCCACAACAT,547.7716184,6.95889149
ATCACAAGGA,961.1844732,9.7829988
TCATATCACC,507.060192,5.882209268
CCACATCTAC,620.4699805,13.38461759
CAATCAGGGA,518.6185791,7.755702777
CCAAATCACT,550.1606009,1.252955728
CTGATCCCAT,577.106958,0.764644605
CTGTCCACAT,561.1414031,0.515101511
GACACATCTC,685.9980082,0.595402467
CATCCATGAG,900.1103585,35.2724961
CTCTCACAAA,573.0825812,4.842310608
TATCCTACAC,627.6874358,4.53162795
GAATCCATGC,576.6453321,0.81957322
CTCCACTAAA,1004.777296,2.85644838
TCACCTCAAT,529.949947,3.767535303
AACATCCATC,952.9496109,3.38557785
AATCTGCACA,564.4368251,1.010818379
CCACATTCCC,708.0554604,0.503377348
ATATCCACCA,999.0486273,1.783369317
CTCCCAATAA,971.4554487,2.607796275
CCATCGAATG,655.8583623,3.405798328
GACTGTCCAC,672.2087568,5.531477491
TGATCCACCA,543.8491895,1.358711778
AACATCACGA,565.4815475,1.864858562
ATACACAACC,889.0136005,15.1602156
GCAATCACCA,600.317594,2.050663851
ATTCCCCACA,595.0230868,1.25203068
CCCATCACAG,662.6206718,0.785049011
GAATCCACGA,539.6383945,91.4175659
AGATCACGAG,569.5721536,2.643055167
CGACACTCAC,659.4965273,10.2521827
GTCCACGGTA,554.5239336,23.11098867
CTGTATCCAC,544.8891246,5.108222668
CCAACTCACA,668.4112182,2.541134144
AGTCCACACA,536.2085929,1.795957003
TATCTCAACC,536.2085929,1.795957003
ATCACTGACG,548.4094431,0.655986711
AGAAAATCCC,595.9872781,1.56697529
AGTCCCACAA,552.6619997,0.572137837
CCGTCACTTC,566.7669012,0.616660707
CCCCAGTCAT,534.8669103,1.946847643
CCACAAGATC,542.3589437,7.164757566
GCTCCACAGA,641.3457146,1.740665073
AATAACCCAC,801.3935426,9.77381568
AACCAATCAG,583.1051354,1.050433878
GATCACTGAC,545.103735,1.538053745
TCGACAGAGA,538.0903831,3.480818443
ATTCCATCCA,596.1672588,1.073601107
GAATCCTCAA,985.45688,0.829419549
GACATCGACA,993.3109522,2.2894431
CCACAAACCT,575.6117537,3.907383919
GGGAACATCA,881.0937789,25.8394329
AATCGCATGA,570.2551882,0.946937043
AACCACCTTC,594.1261958,1.911078607
ATCTAATCCC,532.3562878,7.214427207
CGAATCCACG,574.1867068,3.658783299
ATCTCAGATC,516.9723124,0.76066288
ATCACAACAA,535.3182762,1.17558508
TCGACTACAA,536.7513443,3.805331549
TCTATCACAG,1000.62964,3.40390401
ATCCTACAGA,559.2935448,0.504719537
TATCATCGAC,588.0410034,0.582938878
ATCATCACTA,972.491907,8.70957279
ACCAATGACC,660.2721787,74.04041108
TAGGACACTC,533.8717583,2.878854202
ACACTCAGAC,564.8872485,2.481525837
CAAGACTCAC,516.2781304,0.874735561
GTCAAATCGG,542.363049,0.509421373
CATCTCACGA,547.5517848,1.698832244
GACCACTCAC,548.888556,1.195810421
AAGGACACTC,537.034148,3.03396324
CCTACAACTA,588.2100049,8.031269905
TCTCTCATCA,599.3908108,1.222141346
CGACAATCGG,673.2438249,2.153430021
CCAATACTAG,543.4027779,0.554699651
CAAAATCACA,570.4850582,2.043881879
GAATCCAGAG,572.3159002,0.824541514
GACATCCATC,629.157692,10.49719271
AAAATCCATC,577.373847,0.68426451
ATATCCTCAG,571.4691926,2.335181716
GACTAGATCA,794.2718079,0.926760559
ACCAATGCTC,571.8925692,0.574133511
AGCTGACTCA,687.4314523,1.461121053
AAGGATCACT,913.0929044,4.742136825
CATAGTCTCC,860.9782144,42.15831675
TCAATTCACC,531.7102368,1.638738201
CCCTACAGAA,675.8619579,2.097506636
AAAGAACCCT,556.6618811,3.79926457
TGACCCTCCA,891.0882,7.45423968
AGAAAGTCCC,540.3020755,43.91864546
AAGAACCCAA,549.0844455,15.68495044
GTCCCAAGAG,650.8758731,1.139499056
AAGACCACCT,583.729681,6.937776983
CCAGAGGAAA,666.4609316,0.55572261
TCCGAAGACA,553.8018851,12.00857094
CCGAAGAGTA,815.8457929,36.0445308
ACGACCTGAA,576.9356933,5.931903515
GAAGATTCCC,540.2146207,1.606037343
AAAACCAGAC,529.281507,0.521366375
AGAAACAACC,532.4409216,3.067773024
CGAGAGACGT,626.6847105,6.942239769
AAAAAGAACC,555.1363329,1.615881895
CCATCCTGAG,643.532327,0.590353204
GAAACCTGAC,549.2491582,3.933764341
ATCGAGACCT,534.6343713,16.11343419
CCGATGACAA,515.5035335,0.930457073
CCGAGAGTAA,507.9054627,2.047350645
CAAGAATACC,531.8922909,1.239020085
ACGAAAGATC,551.986816,2.635438765
GAGAGTCCCA,542.5092607,6.377289735
TGACCGTCCA,561.2104146,0.897778739
ACTCCCAGAT,564.6234393,2.192630075
ACCCATGATC,573.1967198,3.105266334
GATCTAGACC,912.2207744,21.21833475
GAACCGAGAT,723.5727634,0.585000142
AGACCCTGAA,573.845238,3.198951445
ATCAGACCCA,547.1551323,4.864070561
AAAGTCCCGT,642.6245698,0.539305493
ACACCCAATA,570.3114799,0.535310232
ATAAACCCAA,567.8229353,6.379622573
AACCAAGGAA,630.4187292,30.22194461
AAGACCGAGA,530.5966619,0.597830344
GAAGTCCGAA,547.037535,1.807274768
TCCCTGAGCA,531.9562534,0.863683867
TCCGATCAAG,551.4249191,0.972172453
AGAACCCTGA,552.6937314,2.469708288
TCCCTGAATC,525.5000156,6.442015801
AATCCGTGAC,669.6290711,2.867330582
CAAGAAATCC,420.1521477,0.610798245
AGAGGAACGA,440.7426729,0.823310506
ACGATGACGA,524.5734019,1.70760996
CTAGAGATCC,709.838964,1.840206886
GACAATTCCC,655.5158354,0.535543755
GAGATACGGA,716.20333,7.128787975
AAGTCCAAGC,559.0719134,0.759821219
ACCGAATGAA,561.7794085,0.93444302
ACAACCCATA,548.1734235,1.827071821
AAGACCTAAC,541.0298884,3.758225629
AGACAACCAC,516.9205411,2.812749926
AGAAGGCCAT,547.7868239,0.854119173
AACAAGAACC,536.0256131,4.338338185
CTCGAGAACA,530.9093419,38.2892306
TCCCCAGTAA,566.4904109,0.849855792
ACCAAAGGAG,582.0775702,1.089080466
GACCTCAGAA,635.4444276,4.10567076
GGACAAAGAC,813.1695697,41.9611074
AGAGAAGCCA,538.9440549,0.621791087
CACCAGAAAG,662.7228897,0.911830097
GAAGGATCGA,542.600407,1.177977201
AGACACCAAC,509.0250689,17.33850215
GATGAGGCCA,563.3581453,57.79346023
TAACCCAAGA,548.9631421,2.361102885
AGACAAGACC,556.8365862,1.345151595
AAGCACCAGA,658.2542359,3.972374213
GAGAAGAACC,547.5513738,0.904156028
AAGCGAAAGA,540.7325818,0.633297101
AGACCCTGAC,965.4439141,11.951145
ACCAAAGAGG,521.0934549,0.889166659
AGAACCAGGA,418.23064,0.655133093
CGATGAAGAC,566.415023,1.377343174
AAAACCTCAG,855.4460332,40.78017825
AAAGAACTCG,892.0128343,9.0069612
CTGAGGACGA,793.7528362,14.20936492
CGAATCTGGA,695.0555334,6.986062419
ACCATAACCA,558.0375575,8.152425042
TCTCTCAACC,569.1118251,1.176173896
AGAACGAAAG,544.578526,1.196158031
AGACCAAGAC,604.179668,2.863756066
CCCAGTAGAG,540.3093771,1.075626754
CTAAGACGAA,550.5048863,1.057664622
AGAGAGAGCC,653.3620607,2.857796226
GAGATCGCAT,823.7693129,2.514275656
AGTAAATCCC,477.5433678,1.340283408
TGATGCCGAC,616.6717524,0.522793436
AGACCAGAAC,546.7880618,1.791753981
GCGATGAGAA,543.9573247,1.699276221
GAGAAGGCAA,475.9438903,2.007398085
TCAGTCCGAC,903.7116106,5.82794058
AATCCAGGAA,578.6806437,1.071220136
CCTCATGAAC,544.8657131,0.624321576
CCGAGATATG,593.408568,1.399350445
AAAACAGCCA,561.7425757,1.823981328
CTCCTCAGTC,624.9630734,0.521114258
GAACACCTCA,649.4809541,5.792539538
AGGGACCAGA,559.6252606,0.608307844
AGACGGATCA,597.9118882,2.040166024
AGCAGATCGA,540.1938847,2.292337872
AGAACCCAAG,548.8087915,1.698074798
ATCACCTCCA,576.8555004,0.688050949
GTCGGAAAGA,574.9292259,1.002952932
GACTAGATCC,695.6442796,60.04667965
AGACTGGCCA,653.3691913,2.833554991
AGAAGTCCCA,548.3682814,0.902207117
GATCTCCAGA,576.7321019,7.032601537
ATCAACAACC,529.9070892,2.791756871
CCAGAGCTGA,717.1685549,18.00830475
AGAATCGAAG,440.0842067,1.721340897
CCAAATGGAG,985.5789098,3.042321615
AACGAAGAAG,599.2026931,2.57614789
TCCAAACCTA,550.5818194,3.416043751
TACATCCGAG,559.7639708,0.934396477
AGTCCCAGCA,593.685413,0.733649117
TCCACCTGGA,602.2702519,2.204173375
TCTCGTCGAA,911.3308391,7.56357048
AGACGAAAAA,555.9971399,0.802108764
CATCGAGATC,582.4173364,0.833119619
GGCCCCCCCC,679.7276894,8.539464661
CCGGGGGGGG,710.4819011,9.683036607
GCCCCCCCGG,655.8054593,4.139087971
GGGGGGGCCC,708.9174315,5.306131024
GGAGGGGGGG,739.8529833,10.5471955
GGGGGGGGCG,817.3410785,5.55569652
GGCCCCCCGG,673.8367491,5.408037677
GGGCGGGGGG,676.1250572,9.174933474
CCCCCCCGCG,676.6214474,18.53575688
GGGCCCCCCG,793.011406,12.4359948
GGGTTGGGCC,686.7819638,3.518314814
GGGGGGGTAC,667.5166727,2.452392084
GGGATGGGGG,703.9469444,13.38643777
GCCCCCGCCC,697.993963,34.03652373
GGGAAGGGGG,669.2417027,7.513910675
CGGGGGGGAA,704.0955932,1.438745694
CGGCCCCCGG,685.1148158,5.718885706
GGCTTGGGGC,690.6519043,0.608733967
CGCCCCCCGC,519.765069,2.35645656
CCCGCCGCCC,685.5281325,21.32887782
GGGGCCTGGG,695.6078658,0.939644495
CGCCCCGCCC,680.496034,3.162593931
CGCCCGCCCC,633.8128757,5.281852565
GGGAGGGGGC,696.8369965,3.552492944
GGCCCCCGGC,675.0234315,3.687930465
GCCCCCCGCG,663.8335902,16.22045634
GGTTGGGCCC,725.1800095,2.283108593
CCGCCCGGGG,664.8008743,2.562246012
AATAGGGGGG,677.5566804,1.891243318
GGGGGGGCGC,906.1257448,7.83484932
GGGCGCCCCC,881.2189974,32.74652655
GTCCCCCCCC,661.6403323,6.250229709
GCGGGGGGGC,675.6270504,2.382395086
GGGCCCGCCC,705.2844716,3.991560068
GGCCCGGCCC,830.1066925,12.208254
CCCGCGGGGG,672.7521073,25.00449042
GGGGCCCGCC,750.0611953,19.45365678
AGGCGGGGGG,687.1160842,1.246513315
GGGGGAGTGG,695.0984207,3.816819847
CCGCCGGGGG,706.4282225,2.604151472
GGGCCCCGGC,693.2959061,3.422838112
CGGCCCCGCC,655.7601387,2.619502668
GGGGCGGGCC,659.2799798,4.861454018
GCGGGGGGCC,683.7424795,0.526719602
GGGGGCCGCC,653.5803532,1.695372367
GGGCCCGGCC,820.0512249,1.48975488
CGGCGCCCCC,671.3618151,10.27636243
GGGCGGCCCC,679.462986,10.22191175
CGCCGGCCCC,656.4311399,0.52010824
CGGCCGCCCC,656.3896456,1.701106955
CCCCCCGCGA,677.2133869,4.070365
TTAGGGGCCG,679.4399003,1.44671454
GTCTAGGGGG,607.9718558,1.36393731
GGGCGGGGCC,685.4120903,0.769254006
GGGGGCGGAA,728.6357935,8.213792799
CGGGGGGCTG,663.0170749,0.650261853
GGCCCGCCCG,648.2737694,3.567703823
GCGGGGGGAA,834.5316672,1.149794292
GGTCCCCCCC,546.9883307,0.996051144
CGGGGGTCGG,588.0854028,1.749574408
CCCGCCGCCG,556.9693385,1.285603129
TAGGGGGCCT,662.0611577,0.804880761
CCCGCCGGGC,740.0316106,14.30852672
CGGCCCCGGC,680.8538436,8.763578246
GGGATGGGGC,697.4281422,5.279395837
GGAGCCCCCC,516.0269521,6.716096844
CGCCCCGGGC,689.6592383,2.774803884
TAGGGAGGGG,891.5858589,13.96940295
GGCGGGGGCG,661.2507363,2.632930241
GCGCCCCGGG,652.3800702,2.992728647
GGATCGGGGG,659.2216153,10.41034334
CCGCCCGGGC,662.3658665,2.275787609
CGGCCCGGCC,851.4681028,14.8572537
GAGGGCGGGG,648.3991077,3.242908893
GGCGGGGGAG,657.915566,11.87876038
GCGGCCCGGG,666.4956476,4.596215998
CCGCCGGGCC,622.0479335,1.25318038
CGCCCCCGGA,679.8883405,11.48557449
GGGGCCCGCG,701.8103872,9.297183269
TGGGCCCGGG,594.2823184,1.622097387
GCCCCGGCGG,664.6271431,1.659637854
GGGGGCGCCG,885.2597698,43.78212495
GCCGCCGGGG,659.6673406,0.647476811
GAGCGGGGGG,657.4226542,1.686761098
GGTCGGGGGA,679.6597357,5.813044328
GGCGGGGCCG,677.1530245,3.237837807
CGGGCGGGGC,659.2799798,0.623596974
GCCCGCGGGG,639.4504533,1.457616756
GGCCCGCGGG,659.66713,2.247268088
AGCCCCCCGG,525.438193,4.90146243
GCCCCCGCGC,658.8440903,6.070353363
CGGCCCGGGC,645.4666301,1.812136059
GCGGCGTTGG,676.1001368,5.821502155
CCCGCGCCGG,660.8693555,4.671646802
CGGCCCCGCG,673.5203181,5.736634388
TGGCCGGTGG,803.8724165,0.598772186
CGGGGGCCGC,628.0862464,1.683448839
GGGCCGGCCG,719.1480993,4.352397442
CCGCGGGGCC,719.1480993,4.352397442
CCGGCGCCCG,660.9529929,3.751175174
CCCCCGAACC,666.0123497,7.231585272
GTTACCCGGG,712.7324911,1.899333679
GGGGGAAAAG,836.7676017,8.53388556
CGGGCGGGCC,664.4796052,0.729351707
GGAGGGGCCC,678.5540764,3.018551141
CGGCGGGCCC,690.0498298,4.842286152
CCCCGAGGGG,694.586904,4.494859359
ACGCGGGGTT,537.1350986,3.150223521
CCGCGGGGGC,651.7260432,2.132329628
CGGTGGGGCG,702.9953689,0.74190604
CGGCCGCCCG,649.4423068,11.15392554
GGCTGGCGGG,585.8920335,1.035316448
GCCCGTTGGG,721.8544255,1.546828327
GCGTCGGGGG,650.7698303,3.388336389
GGGGGCGTGA,629.7864117,1.27209084
AAGGGGGCTG,427.3967606,2.862313359
GGGTCGGGCG,651.1900361,2.266752613
GGGGGGGCAC,684.0507201,1.319329432
TCCAGGGGGC,474.1591689,14.35382431
GTGGGGTCCG,505.1881616,20.4798871
ATGGTCCCGC,536.1618424,14.68490669
GGGGTCCGAC,692.8452098,39.98733571
GGCTCTACAA,754.1511613,18.85577277
TCGATCCCGC,747.6616043,42.59572814
CCCCCACATT,716.0961099,26.2263128
CCGGCCGGGG,567.8012141,7.716958829
TCCGGCGCGG,577.3451753,6.31826264
CCCCGGAGCC,589.1691068,41.45848194
CGGCGCGGGG,668.8636226,10.98328627
GGGATCCCCG,592.5442145,86.62130008
AATCCCCCAA,585.4839137,45.93750753
GCGGGCGCGC,609.9933537,37.58980926
GAGGCCCGGG,662.0124091,1.71350572
AGCCCCCGGA,630.6535213,161.1900777
TGGCGGCACT,626.0082695,14.61773257
ATCCCCCAAA,620.1617739,15.2100431
GGGGCGTAAA,620.9380927,133.265612
GGGGCGCGGC,637.7084062,20.73148263
TGACCCCGGA,691.5722407,74.20284788
CCCAACCCGA,640.967982,81.80522105
AGGCGCGGGA,616.0724835,5.707998936
GAACCCCGGT,650.2224018,47.96474583
AGGTCCCGGA,683.1126039,7.054510827
CGCGGGGGAA,664.9205968,15.39818395
GCCCCCGGGA,628.2912177,54.95507338
GCGGGGTAAC,652.6492357,69.7960377
GTCCGGGCCA,646.5969022,260.9384528
GCCGGGAATG,648.7211684,64.50631164
GGGGGGCCGG,658.7225211,56.70959236
CGGCGCGGGA,637.5556589,35.79453912
CCACCCCTGC,618.9079674,59.86767447
GAATCCGGGC,648.9934713,103.1871826
GGTCCCCGGA,628.8825732,9.04554631
CGTTCCCCGG,656.109748,73.07073447
TCCGGGCGCC,663.9937494,25.62194496
GAGGTCCCGG,664.6741395,11.36045075
CCGAACCCGC,663.1267213,11.88910298
GCCGGGACCC,667.1722379,12.97462407
CCGGGCGGGC,663.4925543,9.723312941
CCCGGCCGAA,713.1385907,193.2624455
GGCCCCGGAG,662.7968633,6.67129598
CAGGGCCCGG,673.4186563,57.53721232
CCCGGAAGGC,672.6343067,134.8916867
CCCGGAAGGG,672.3407148,92.25787834
CGGGGCCCGG,687.3900895,5.304818608
ATCCCGAGCG,723.0386389,40.36712952
ACCCCCGGGG,613.5520494,68.6278061
GACCCCGGGG,718.8953496,17.60707687
CCACAAATGA,684.5164934,182.924878
CCGGGCTCCC,713.3354936,8.156233728
GGCCCCGGGA,688.543557,72.03451917
CCCGGAGGGC,683.754018,11.48539124
AATCCCCCCA,692.0650433,35.67566687
CCGGGAAAGC,679.9093686,21.20100216
CGACCCCGGA,688.3244458,58.9288609
CGGCCCGGGG,683.3393685,19.34484503
CCGGGATCGA,679.2615234,27.00393402
AGCCCCGGGA,703.3173469,32.23932457
GGGGGCGCGC,696.7030786,26.06318613
TCGGTCCCGG,700.0504553,3.400550405
ATCCCCGGGG,736.2299461,69.48673423
CTCCCGGGGT,724.2026316,25.56359097
GAACCCCCGG,693.9623401,52.82047892
GGGGTAACCC,666.1832623,20.21811109
CCCCGGGCCG,687.8447388,17.49931474
CCTTGGGCGC,718.9141911,28.70986283
CCTCCCGGGA,702.3862366,66.93166707
ACCCCGGGGG,569.1363586,16.73364526
GCCAGTCCCG,698.7360508,21.93532217
CCCGGCGGGG,709.3572199,22.99108574
AGGGGAACAA,705.693091,7.922391119
CCCCGGGGCC,707.8366076,15.31968448
TCCCCCGGGG,703.8740262,27.37273571
CCGGAGGGGA,683.1347729,14.65670566
CCGGGGTAGC,710.1177824,7.975799284
CCGGGCGAAG,707.4365627,18.70621246
GCCCCCGGGG,705.4324657,62.04361934
GACGGGTCCC,731.0225379,136.9550007
CCCGGGGGGA,707.2314855,17.4453931
CCCGGGCGGA,718.6910331,39.10988677
CCGGGGTCCC,734.9654789,17.65348521
CCCCCCCCCA,660.5821057,13.49841748
CCCCGGGGGG,710.0572677,15.37759171
CCGGAATCCG,716.0138137,25.6064862
CCCGGGGCGA,718.5397978,12.83476668
CCCCGGGCGC,710.2928774,52.45026678
GTGATCCCGC,699.0699437,22.50540484
CCGGGGGACC,722.5316179,18.74848715
CCCCGGGGAA,716.9931223,22.89983281
ACCCATCCCG,715.9309164,26.99512135
CCCGGGGAAC,720.5827341,28.46927833
ATCCCGGGCC,719.400409,37.69518497
CCCGGGGAGC,709.6667736,20.69332714
CCCGGGGACA,730.6212652,30.28746614
TTCCCACCAA,702.7783976,7.280769117
CCCGGGTGGT,719.5745995,12.38459523
CCCGGAGAAG,683.1347729,14.65670566
GACCCCCGGG,710.2274914,39.34054326
ATCGCAGCGG,734.4076224,10.73374751
CGGGGGTCCC,503.6640054,12.2448152
CCGTCCCGCC,781.3952356,9.515586678
CCCCTGGGGT,720.3578276,3.168574683
TGGGGTTCCG,742.5035934,4.772789929
CCGGGGCAGG,736.8318231,2.856357956
CCAGGGGTCC,716.1224569,3.43196622
CCGGGGCATA,742.3355934,5.520564929
CCGGGGCTCC,705.7901871,11.27253467
GCGCAAGATG,730.8680507,101.1787991
GTAGTCCCTA,740.1498303,113.8450023
CCCGCGGGGT,638.9275255,5.928190936
CCCGGGGTTC,729.1829399,14.72607394
CCTGGGGAAA,737.2314441,134.0804668
CCCCCGGGCG,725.5944767,16.3398728
GCAAGAGCTT,763.9404278,41.9943284
CCGCGGGGTA,726.1340439,34.67826403
CCCTGGGGCG,706.5023312,21.88765257
CCGCCGGGGA,699.6832063,19.58094389
CCCGGGGCAC,716.7586827,5.963341271
CTCCCCGGGG,756.7908697,12.09603515
CTGCCGGGCT,783.2104326,2.720521097
GGGGAACAAA,765.3775654,15.48790153
GGGGAATCCG,789.810408,4.196022988
ATCTCCACAG,817.515507,262.5182055
AGTCACGACA,811.7702875,321.6971835
GCGAGAATTG,824.3741063,49.60915095
GCCTGGGCGC,811.3851379,64.00065317
CCGGGGGCAA,715.7917912,4.744735449
CCCCGGGGTC,702.0114854,8.039387146
AAAACACCCA,539.7185932,8.106183168
TAACAACGGG,602.2407442,0.921402982
ATAACCACCA,534.9108801,1.407841636
AAAACCACCA,533.7727886,4.50302649
CCCACCAAGT,533.5302417,0.86379801
ATAACACCCA,543.6026343,7.616581973
CCACCACTAG,559.9318767,1.979831829
AACAACCCTA,635.2780821,2.216731434
ATCACCCCGT,638.4220202,2.645023407
CAAAACTCCA,509.8867221,4.044951827
AAACAACCCA,541.5545356,6.995856245
AAAACCCCTA,570.035193,40.83049338
ATCCCACCAG,564.0280502,1.31343819
ACCATCCCGT,576.5666579,12.08018595
AACCATCCCG,644.8626398,12.53811912
AAAAACCCAT,523.408822,2.277544066
CCCCAATATA,650.2230941,126.9193036
ATAACCCCCG,666.6242608,68.06418352
CAACTATCCA,553.2461708,0.533845464
AACAACCCAT,540.293976,2.843508314
AAAATCCCCA,648.5648308,10.62087555
ACCCCAATAG,654.4292,50.55385556
AACCACCCTG,597.6005833,9.440398412
TACCAACTGA,681.0022384,1.09105001
AAACAACGCG,667.7424058,1.206271736
TAACACCGTA,658.724341,0.538186576
AAAACCCCGT,655.0230268,5.718692117
ATCACCACCA,952.9443261,3.75746286
AATACCACCA,532.1811845,2.047269086
TATCACCGCG,642.7009874,10.51636026
TCCCAACGGA,673.028646,2.796580805
ACCACCCTAG,589.1857935,9.791655024
ACCATCCCTA,576.3471869,7.251795133
ACCACCACGT,554.9553401,2.101002962
ACAACCCGTT,540.6738996,0.863632881
AAAAAAGCGA,840.2031044,0.661149721
AAAAACCCCA,531.8210575,10.08370322
CCCACCAGTT,593.8077639,0.836861837
TAACCACGCG,668.3842721,1.713941614
ATATCTCCAT,504.7894257,3.43763921
ATAACCCCGT,672.1457852,2.237552967
TAACCACGTA,654.7977524,1.379475168
ATACCACCCG,649.5997859,23.12379932
AAAACCCTCA,569.797466,8.951500251
AAAAAACGCA,576.2675459,0.696278953
AACACTCCAT,542.0045341,0.945388405
CCCCACCATG,608.220595,7.841475675
ATAAACCCAT,556.8854048,0.77332061
ATAATCCCCA,561.8503593,2.177262975
AACAACGCTA,567.1020784,2.352311024
CCACCAATCG,553.2713035,0.631841592
ATATCACCCA,543.8861682,3.87547105
ATACCACCAA,535.2743033,2.264841578
AAAAACGCGT,601.1805151,0.580589004
AATCCCACAT,569.0003316,12.08395484
ACCCCACTAG,584.9730351,2.664978498
CCCCACAAGT,681.9194818,4.281149914
TCCCACCCGA,588.3751156,10.73981356
AAACACCCCG,672.269298,6.232251039
TCCCCACAGA,547.5510352,0.948136207
ATCAACCCAT,531.8388607,6.744681556
AACAAGCCGT,531.1801045,73.01380395
AAACCACCAA,560.0875411,3.35864765
AAAAGACCCA,528.5569834,11.24987656
AAAACCCCCG,674.3508573,38.41453189
AAACCCCTCG,667.0017864,82.12669587
ATCACCCCTA,650.2495245,2.103452752
ATACCACATT,554.9367357,1.881124499
ACAAAAGCCT,611.0057918,3.999828661
AATACCCATT,566.402939,0.831585896
AACCCCACGT,649.9672276,17.30616791
AAACCACCCG,656.2770048,8.626972411
CAACCCTATA,529.0904043,1.884733932
AAAAGCACCA,833.8681113,1.359217542
CCCATCTCGT,699.9767217,19.09878291
TATCACCGGC,614.8467272,13.52910454
AAGATCCCAT,553.92329,3.049314638
AAGAACCCAT,546.1765368,3.085948428
ATCCCATTTT,542.5078839,2.612258978
ACCAATGCGT,555.3365216,1.356636183
AAAGATCCCA,544.8088978,10.57948662
CACCACTCTA,581.7033679,3.86076018
ATAACCCCTA,558.6949035,22.11333713
CCACCACGTT,685.4095895,2.122652322
AACCCCAAGT,630.6496398,10.42800435
CACCACTCGT,597.8427806,4.8517454
ATCCCAACAT,611.0006308,52.88488354
CCCATCTCTA,621.5058048,1.178101347
AAAAAACCCA,544.7771027,6.134633281
CCCAACTAGT,571.8554033,2.45636855
AAACCATCCA,583.2628923,5.411664127
ACCACCACTA,547.557116,5.23186021
ACTATCCCAA,573.8788646,7.100168358
ACCCAACTAG,587.5365107,1.628223025
ATACCACGAG,675.4693892,0.696551869
AACATCGCGT,599.8131006,3.738349115
CCCAAAGAGT,539.0370091,2.392779732
ACCATCCATT,577.4264761,0.528999521
TAACCATGGG,674.1543206,1.263261649
ACCCCTATAT,584.9178987,2.14383292
CAAACCTCTA,914.8504469,4.052919525
ATCCCCACGT,664.7952066,1.96674243
AAATCACCCA,554.2643112,4.403861121
CCCCAATAGT,654.0789635,31.48509008
AAAACCACCT,581.4613005,6.756852705
CCACCACTCG,655.8760577,2.050048962
CCCCAATATG,656.7035898,10.68554322
CCCCCCAGGC,671.0417655,14.51341057
CCCCCCCGGC,677.8879797,28.51998485
CCCCCCGGGC,693.770706,13.0359395
CCCCCCCTGC,668.4155131,19.82408714
CCCCCCCGCT,677.1455909,34.05401244
CCCCCAGGGC,683.6392202,1.072530668
CCCCCCGGCT,670.1745028,4.631520262
CCCCCCTGGC,634.8706776,6.448110791
CCCCCGAGGC,657.2878447,9.199781546
CCCCCCGTGC,614.0898138,7.238678249
CCCCCCGGTC,688.9200641,1.801836813
CCCCCAGGCT,540.4009397,14.02583659
CCCCCCGGGG,702.1076704,4.00860217
TCCCCCCGTT,687.4187877,4.212882289
CCCCCCCGTC,538.0856821,8.645013484
CCCCCCGGAC,681.3576563,17.17312827
CCCCCTAGGC,672.5756335,2.381537702
CCCCCAGGGG,708.378125,5.586379786
GCCCCCCGGC,653.6452595,8.897397244
CCCCCCGTCT,543.4468523,2.988923745
CCCCCCCCGC,675.5203791,18.57219877
CCCCCCCTCT,532.8138227,18.89390043
CCCCCGGGGC,694.9383041,8.421599928
CCCCCGGGAC,704.1227761,16.89513832
CCCCCCAGCT,651.6064357,17.61335965
TCCCCCCTTT,560.5865759,17.95967335
CCCCCGGGCT,687.9453065,4.194733409
CCCCCCGGGA,714.9493106,15.20802609
CCCCCATGGC,664.8943526,9.968626779
CCCCCCTGCT,584.9823667,7.184231653
TCCCCCATTT,583.2525042,6.924498991
CCCCCCGGGT,647.2380684,11.93287565
CCCCCGAGCT,657.1346759,25.08254992
CCCCCGGACT,565.5629045,8.479319315
CCCCCCGCTT,548.1774541,3.005204705
CCCCCCTGAC,665.947207,7.272815064
GCCCCCCTGC,704.0702623,21.33365818
CCCCCCATGC,665.5129263,4.094023932
CCCCCTGGGC,694.4552498,2.362084854
CCCCCCTGGG,709.2403143,2.220091577
CCCCCCTAGC,666.1807924,19.11525342
GCCCCCCCGC,667.4267276,12.28441289
CCCCCCGTGG,644.4974175,7.241940435
CCCCCCCGGG,669.2915327,20.85588603
CCCCCCTGGA,679.1695426,19.9574918
CCCCCGGGGG,722.6857599,11.88266439
CCCCCGGTCT,546.3121739,8.850898599
CCCCCTGGCT,663.4667422,2.551779785
CCCCCGTGGC,677.8585894,8.513565884
CCCCCGCGGC,618.936701,2.412290308
CCCCCGGTGC,612.488055,4.004444433
CCCCCGGGTC,684.1371384,1.605624433
CCCCCTGGAC,581.8060643,13.89989384
CCCCCTCGGC,638.7693231,19.77858214
CCCCCGAGTC,663.266385,10.72107772
CCCCCGGCTT,684.8411685,2.582708639
CCCCCGCGCT,653.4257287,0.763967138
TCCCCCGATT,643.9236037,2.535043765
CCCCCGGGAG,714.8849607,6.892067897
GCCCCCGGGC,669.9546524,25.72416159
TCCCCCGAAT,648.8575154,17.42975747
CCCCCCCCTT,743.6848935,16.50071901
CCCCCTAGCT,679.4455226,3.654886969
CCCCCCGAGC,543.8851376,2.373519538
CCCCAGGGAC,720.2334526,2.997372754
CCCCCGGGGA,696.1509567,9.055397385
CCCCCCTTGC,670.5704232,18.85447036
CCCCCCCGGT,668.8124601,31.27999108
CCCCCATGCT,895.5750711,4.87952037
CCCCCGGGGT,717.1875549,3.966095049
CCCCCTGGGG,731.430422,2.175481572
CCCCCCGACT,625.0407047,1.699432202
CCCCCAGGGA,698.2086188,5.933218528
TCCCCCCTTC,587.2985008,44.79296792
CCCCCGTGCT,629.3482877,6.134786709
CCCCCCGGAG,685.5008427,20.40437081
CCCCCCTGTC,554.3415305,8.623183843
CCCCCCGAGG,680.9352974,15.65159266
CCCCCCCGAC,662.9869391,26.89159351
CGCCCCCGGC,693.0450879,18.61787181
CCCCCTGTGC,656.7596098,1.783702037
TCCCCCGAAA,647.1544574,24.06377215
CCCCCTAGGG,706.2485101,1.208460993
CCCCCGTGAC,655.334591,13.38618661
CCCCCGAGGG,662.6645515,1.805401842
CCCCAGGGGC,576.2882242,7.944905709
CCCCCCGTGA,696.7655281,4.885095246
CCCCCTGGTC,671.1365531,2.5632458
CCCCGAGGGC,672.3269698,5.546960964
CCCCCCAGTC,661.218772,10.01075281
CCCCCGGAGG,611.0485101,6.478735478
GCCCCCTGGC,677.4132438,50.39937552
TGCCCCCGTG,527.9497664,5.815417416
CCCCCGTGGA,680.3080312,22.20271479
CCCCGAGGCT,647.7077574,3.505486054
CCCCCGGTGG,918.5582222,15.2820462
CCCCCGACTT,641.8454459,10.66006233
CCCCGCGGGC,683.906015,9.142831051
CCCCCGTGGG,695.9581122,2.366862707
GGCCCCCCGC,662.4988379,2.652063126
CCCCCTATGC,552.5857402,12.60159365
GCCCCCGTGC,629.4882101,5.065896817
ACCCCCCCGC,674.6170979,93.67410343
CCCCAGGCTT,677.0003913,1.072802865
CCCCCGTGTC,693.6163884,4.113083431
CCCCCGGAGT,603.57868,15.61238306
CCCCCGGGTT,724.45365,7.2572681
AGCCCCCGGC,641.1107989,10.33394523
ATCCCCCCGC,672.8743239,19.34418797
CCCCCGTCTT,634.0334334,7.155474853
CCCCGGAGAC,650.8264687,12.6737847
CCCCAGGGGG,608.6252755,14.30087274
CCCCCTGCTT,530.5442589,1.761225046
CCCCCGCTTT,916.9906988,39.5077782
GCCCCCGGCT,672.3727644,3.735121285
CCCCAGGGAG,694.5006851,2.670166412
GTCCCCCGTT,673.8241888,11.66674076
CCCCCCCCCT,530.0328594,6.132160116
CTCCCCCGGC,681.3520771,6.917497352
GGGGACGAAA,722.3705424,13.52811962
GGGACGGAAA,571.4426559,1.631063127
GGGACGTACG,964.2571085,3.522244755
GGGGACGTAA,703.4390129,1.20191092
GGGGGACAAA,686.0719922,4.944595072
TGGGCGGCCC,646.7844118,5.305708363
GGGGGACTAA,769.5033328,1.927519664
GGGGACCAAA,672.4205746,6.856151507
CGGGACGTAA,975.1693083,1.76588466
GGGGGTACAA,716.2669658,2.160492243
GGGGAACTAA,793.5696852,7.43347007
TGGACGGTCC,713.8446871,1.134105116
CTGGACGGAA,586.701237,0.75480115
GGGACCGGAA,948.4421146,1.851719733
TGGACCGTCC,663.1262603,1.244973563
GGGTCGGCCG,659.3458934,1.505224052
CGGGACGAAA,809.5569466,3.78450753
GGGGACGAAT,853.6940043,30.5994024
GGGGGAACAA,674.3402209,2.619812994
GGGACCGTAA,576.9474658,10.81648978
GGACCGGACG,764.7290953,3.982319721
GGACGGGACG,685.8706139,19.0235463
GGGCGGAACG,512.9432411,2.489399846
GGGTCCGCCG,715.7320824,1.989560352
GGGGCTGAAA,730.9011404,5.095576816
GGGGACGGAA,490.9295654,13.549133
GGGACTCGAA,614.8528864,1.03122775
TGGACGGCGC,710.0370782,24.63373915
GGGGTACGAA,659.3628648,2.865040701
GGGACGTACA,642.4527133,2.507889512
GGGACGGGAA,585.2591665,1.46755329
GGGGGACAAT,805.1072945,6.42114252
GGGGGGACAA,683.6735209,1.111897345
GGACCGGACA,813.3980125,7.287094636
GGGGACTACC,687.6807258,6.81710838
CGGGGACAAA,695.9485411,9.581676068
CGGACCGGAA,655.6653483,3.223411599
CGGGGACTAA,704.3343445,7.363343386
GGGACCTACG,677.9425048,121.9709922
TGGGCCGCCC,594.5405635,1.034618294
GGGGCGGAAA,657.0877888,8.693910395
GGGACCGAAA,575.7455091,3.340078159
GGGGGAAATT,722.617146,1.075373967
GGGACGGACG,683.0938986,7.168431828
GGGGGCAAAA,819.513494,5.53019559
GGGACGTACC,553.452904,2.212422174
GGGGCGAAAT,700.134373,1.316619046
TTGGGCGTCC,650.8029308,1.520909122
GGGGCCAAAA,695.9910855,2.267323693
GGGCACGAAA,787.6012769,4.866781653
GGTACGGCGG,600.2062369,1.060710314
GGGGTACACC,710.572867,6.321068217
TTGGCGGTCC,620.952709,7.287862707
TGGGGGGCCC,727.9810102,2.376920992
GGGACCAGAA,584.9312548,1.144506419
GGGGACCTAA,896.4061138,26.74162845
GGGGACGACG,645.6425339,1.683661633
GGGACCTGAA,689.2915032,11.77130958
GGGGCTAAAA,536.5594288,1.768362771
GGGACAGGAA,1018.546873,0.72743076
GGTTCGGCGG,654.9748939,0.710544113
GGGCACGTAA,680.7477881,2.428148743
GGTCGGACGG,636.4149308,3.208838359
TGGCCGGCCC,994.9681989,6.77453358
GGGGGGAACG,643.8396064,0.822493597
GGACGGGACA,671.017578,2.212728037
TGGGACGTCC,972.7526496,5.49408036
GGGACGTGAA,802.9381198,3.576480795
GGGGGGAAAA,406.2949302,2.143885598
GGGCCGAACG,655.9449362,41.52750361
GGGGACACCT,668.1901891,0.706636404
GGGCCTGAAA,616.8219897,27.20940787
GGGGACTACA,723.6994689,0.595980931
GGGGGTACTG,710.4336628,1.685743609
TGGACGGCGG,644.3261049,1.585641052
GTGGGCGTCG,671.0915988,0.96614666
GGGGCCGAAA,691.1519103,9.831947465
GGGACGGACA,655.3035948,1.008571508
TTGGGGGTCC,712.5528334,1.702639856
CGGGACGGAA,635.0998515,1.712372084
GGGGCGAAAA,688.0546477,7.834014846
GGGGGAAAAA,674.5820813,4.149694505
GGGCGGAAAT,636.9269136,0.681915545
GGGGCACTAA,678.8634913,0.928598452
GGGGCGAACG,701.5218339,6.02725546
GGGGGACGTT,405.7038933,0.910858677
GGACGGGAAT,554.5902353,1.284458076
TGGGGCGCCC,663.9298898,1.095874335
GGGCGGACAA,654.0438728,1.041287539
TTGGGGGCCC,719.3198556,1.862857252
TTGGGGTACC,601.1108248,0.764969929
GGGGGCGAAA,710.3025866,1.800413432
GGGCGTGAAA,609.7543179,24.22908359
GGACGTGGAA,563.7071572,2.188746079
TGGTCGGTCC,923.2096637,6.77802435
GGGGCGTAAT,852.6220542,52.7355033
GGTACGGTCG,837.7103911,15.18797955
GGGTCCGTCG,704.589434,0.601633844
GGGGACCTTT,713.3728021,0.938326716
GGGACGAACG,640.4107799,4.014966008
GGGACGTAAA,624.4656481,4.114635494
GGGGGAAAAT,677.7877919,2.439579842
GTCCCGGGCG,642.8496773,5.043234513
CCTGGCCGGA,568.8089059,4.699713245
CTGGTCCCGG,687.3535058,2.036508769
CCGGGGCCGG,724.4486973,1.582971433
CCCGGGCGCG,684.7322411,7.4506497
GGGCCGGGAA,646.0196754,3.150416606
GGGCCCCGGA,684.9955793,2.635141456
GCCGGGGCGA,649.0263913,1.226454877
GGGCCCGGAA,694.8236103,1.611036084
GTCCCGGGAG,655.6561253,2.449875366
GGTCCCGGCG,678.6792128,3.346474402
CCGGAGCCGG,633.5176475,3.064264282
CGGGCCCGGA,673.3857755,1.767059266
GATCCCGGGC,682.8263794,5.961722966
CCGGTCCCGA,692.4029138,2.373638846
CCGGTCCGGC,721.3407117,2.350171069
CCGGGCTGCG,649.3987661,1.774050062
GCCCGGGGCG,645.1262408,2.771551687
AGGGCGCGGA,638.6854477,3.824695385
GCCCGGGGGA,735.5177694,1.953111433
GGGGGCCCGG,678.1192623,10.84601866
TGCCGGGGCG,637.5694288,2.849225456
GCGCGGGCGA,664.4179664,6.488461891
GCCCGGGGAG,623.2631827,2.581837487
CCCGGGGGCC,711.8154499,3.681956448
GGGGGGACCC,698.8705151,8.717951479
TCCGGGGGCG,664.5128685,2.93857046
GCCGGAGGGG,647.2534085,8.02186108
GCCGGGGGAC,682.674937,2.806609691
GCCCCGGGGC,696.4268691,6.43241318
CGGACCCGGG,668.4501448,4.828182955
GGTCCCGCGG,679.2418005,1.514973002
CGCCGGAGCG,677.5092514,0.988948423
CCGGGCCCGT,665.6008163,3.141251366
GCTTGCCGGA,670.484298,3.792306358
TCCGGGAAAG,640.1864182,0.84326545
GCCCGGGCCG,668.0539876,1.181237981
GAGTCCCGGG,716.2518626,1.92556187
GGGGGAAGCC,684.7221444,0.801518558
GGTCCCGGCA,619.0545981,0.917987476
AGGCCGGGCG,663.5138232,2.355362182
GCCGGCCGGG,640.0582538,6.075038817
GCCGGTGCGC,619.3664772,1.608024844
GGGGCTGCCG,644.7742059,3.041488801
CCGGAGGGCT,638.6417583,5.056521231
TCCCCGGGCC,678.3053892,8.598376693
CGGGTCCCGC,692.3783605,8.105204863
GCCCGGGGTT,702.5868808,0.928138405
GCGCGGGCGT,627.521315,4.591765438
AGTTCCGGGG,610.5793754,1.150460485
AGCCCGGGCC,683.6358615,5.440660536
CCCCGGCCGG,674.0560952,10.983637
GATCCCGGAC,679.8024144,5.584434393
CGGGGATCCG,682.6068324,3.98757705
TCCGGGGGCC,620.5102947,5.280171324
CCGGCCCGGG,655.2523347,7.455817513
CCGGAACCCC,664.8342055,8.335316119
GCCGGGAGCA,648.4908792,2.223957387
GGCGCGGCGC,635.7459207,3.455654228
GGGCCGGACG,655.3179649,1.777495236
CGTTCCGGAC,665.6445555,3.119865227
GAACCCGGGC,670.0498754,11.29996345
GGGCGCGGGC,641.7238871,3.36800392
GAAGCCGGGG,665.294017,0.681128822
CAGTCCGGGG,626.958258,0.50433225
CCGGGGGAGG,700.6702314,5.884385046
CGCCGGGGTT,678.6040288,2.171497884
TGCCGGGGCC,667.3557078,2.087647951
GCCGGGTGGA,699.1327394,2.349237703
GCGCGGATCC,663.8690994,3.528064767
AGGTTCCCGG,678.2875771,0.699340434
GCGCCGGGGC,728.1018245,1.430315
GAGCCGGGCC,656.3511446,1.316676404
CCCCGGGCAG,689.4851948,7.988636838
GGCCCGGAAG,688.785345,2.664371356
GGGGTAGGCC,683.1315736,3.744839189
GGATGTCCGG,638.0508612,1.205293372
CGGATCCGGA,608.536196,3.529004363
CAGGGCCGGA,639.885158,3.661944129
CCCGGCCGGC,665.8376272,8.019496223
CGCTGCCGGA,650.8928554,0.605994491
CGGAGTCCGG,634.2011454,0.584248759
GTGGGGAACC,681.8511154,4.430275482
GCCCGGGTCC,650.4908475,1.090453347
CCGGGCTGTG,612.5925207,0.779513383
CGCGGGGGCG,652.0171961,1.213779578
AAGGCCGGGC,646.1499692,0.705751988
GGCGCGGACC,635.0071148,3.767609174
CCGGATGCGC,681.2317923,9.013720522
GGCCCGGGAC,698.8405772,2.461119328
CGCCGGGCCC,642.0552749,2.066409273
GCCGGGCGCC,653.2818479,1.706482207
CGGGCGCGGC,629.1446663,1.270487538
GTGCGCGGCG,683.0703022,1.132055113
GGCCGGTCCC,680.930761,6.242039862
GGCCCGGGTC,665.4725619,5.62036111
CCGGGAGCCG,668.0007895,6.11524452
GCCTTCCGGA,678.7192632,12.89662607
TGGCCCGGGG,712.7592059,1.164762034
GGGGATGCCC,696.5703079,3.599544436
GGGACCCGGT,639.0120573,1.410001686
CCGGGAGGCC,703.9282558,3.562718354
AGGCCCCCGG,687.864392,3.755341506
CGGGGCGAAA,664.0468802,3.405868296
CCCGGGCCAG,683.5473652,4.851944773
GGGGCGGCGC,631.6511694,5.355428409
TTCCCGGGCT,699.9581327,1.766274176
GGGTCCCTGA,670.95138,2.447811827
CCCGTCCGGA,623.7525208,5.301973048
GGCCGGGTAG,645.7510053,1.448879386
GCCCGGAAAT,661.3472968,1.84229253
CCCCTGCCGG,657.6947418,2.168108919
CGAACCCGGA,640.4842565,5.641007165
CGCCCGGGCC,650.891967,5.34106333
GCGCCGGGCG,696.8057052,0.781591081
AGGGGGGCGC,634.8808205,2.685750916
TCCCGGGGTA,721.32275,2.629333907
GGGGTCCCGG,693.6059504,2.21134741
CCGGGCCGGA,655.5147264,10.67364391
GCCGGGGCGC,726.6923879,0.857229597
CCGGGGAGCG,701.4030642,2.932538931
CCCGGGGGTC,707.9925476,5.8802098
GTCCGGGAAT,657.2811894,2.043401906
CCCGGGTCCC,684.5767016,4.865234796
GCCGGGAGCG,656.0818338,2.597410529
CCGGGCGCGC,699.4383641,3.433617973
GCCCGGGCGC,734.1983075,1.303457956
GCCTGGGGTA,705.8409753,2.714718158
GTATCCCGGG,708.8518527,0.986514116
AGCCGGGGCG,656.5034722,0.905024859
CGTTCCGGGG,700.2428854,1.635158698
CCCGGGCGGG,695.1082529,5.401475725
CCGGGATGCC,673.1271203,6.305606672
CGCCCGGGGA,697.7218728,5.775388655
GCCGGGAATC,658.1950046,1.956180013
AGCGCGGGCG,678.8152846,7.313245467
CCGGTTCCGG,662.9036369,0.650713711
CCCGGGCCGT,666.5788875,6.063432892
GCCGGGAAGC,666.3684091,6.570014989
CCGGGTAGCC,714.7335924,9.514758237
CGCGCGGGCG,630.3573184,3.021139923
CCGGGTAATC,627.4690411,6.576015173
GCCGGGCGAT,674.7306883,0.565296097
GGGTCCGGGG,619.4564037,2.305772041
CCGGGCGGAC,668.8095378,2.322738672
GCCGGCGCGG,645.1422866,0.811462018
ATCCGGGGCG,690.0275963,0.555844935
GCCGGGGCAA,636.0995202,1.018146408
GGCGCGGGAG,624.3468663,2.400697967
CCCCCTGGAG,681.2317923,9.753187229
GCTGCCGGGG,642.927382,2.167768303
CCGGGGGCGT,720.9963638,1.664905264
CCGGGTGGCG,664.7327252,1.919821846
GAGGGGTAGC,677.8043,1.086585635
AGCCGGGCGG,643.2383554,1.958209098
CGCCGGGGCA,705.9171714,2.681820773
CCGGGGGCCC,725.5230592,3.794066605
CCCGGATTAA,671.6317761,6.70055095
GAGCCGGGGA,696.321069,3.684359996
GGGGGTATGC,700.4756667,1.494622178
CGCCCGGGGC,704.7883342,1.870645674
CCGGGGCGGC,715.1767099,2.370312386
GGGGGAGCGC,673.1686014,4.892731374
GGGCCGGGAG,631.2714787,2.896062135
AGGCCGGGGC,651.9242183,1.456727037
AAGCCCGGGG,692.4255353,3.044171005
CGCCCGGGAA,703.1467504,2.007412533
GTCCGGGAGG,632.5724133,1.840220294
GGGTCCCCGT,665.589668,7.715228244
GCGCGGGGGC,659.4448937,4.258860004
GGCCGGGGCA,669.7142171,2.371132167
GTTGCCGGAC,709.8555861,0.915843066
CCGGGGGTGG,744.3026454,0.882834745
TCCGGGATAG,650.0253962,0.82486353
ATCCGGGTGC,667.4890014,1.109795361
AGGGGCGCGC,688.2273201,5.026512455
TCCCCCGGGC,699.1397174,8.402190289
GCGCGGGCCG,656.4692331,2.781405283
AACCGGGGAA,698.6114792,2.626712194
CCCCGGTGAT,709.254474,1.687767734
GGCCGGGAAC,648.889739,1.459289732
GGCCCGGGGG,706.6670684,2.092978527
GGGCCCGGGC,703.63962,2.064885257
CTCCCGGAGG,678.5858668,3.33914033
TCCGGGAGGC,667.7304664,1.666722815
CCGGTCCCCT,658.229948,2.611288051
CCTGGAGGGG,682.6225043,4.839882339
CTCCGGGCCG,670.003745,7.809936
GGGTGGTCCC,680.4461761,1.282867476
AGGGCCGGGG,674.7193055,0.888306953
GGGGGCGAAC,708.3175827,0.965889222
CCGGGGAGGG,717.8750102,5.318248271
GCCCCTGGGG,692.0207758,6.156737549
GCAGTCCCGG,698.6018744,2.332497264
CCGGCCGGGC,673.8271359,2.350241934
CCGGGATGGC,681.2317923,5.97990607
CGGCGCCGGA,652.1476224,8.810604723
CGGCGCGGGC,633.764019,4.580527904
GGCCGGGCCC,641.4741103,2.103606281
CCGGAGGGGG,692.7851643,4.277319926
CCCGGTGTGG,711.4084879,4.409949217
ATCTCCGGGG,667.9861777,1.671561158
CGGTCCGGGG,667.5507081,3.053007749
GGCCGGGAGG,656.7995713,1.150635636
CGGGGCGCGC,659.1022542,2.481449
TTGGGCGCGG,670.6342971,0.732069268
CCGTCCGGGG,708.2333831,2.142166401
GGCCCCCGGG,700.4756667,9.71972084
GCTGTCCGGA,791.9583053,1.05511061
GTCCTGGGCG,664.4739429,2.919219609
GGGTGCGGAG,596.2319254,1.351828317
CGGCCGGGAG,646.7004761,1.979624676
ACGCGGGCGC,643.3322436,3.00791466
GCGGGGATCC,698.8646061,4.562100659
CCCTGGAGGA,697.8539045,8.869921759
GGGGGGAACC,703.0973858,9.441831145
CCGGAGGCCG,637.4039351,2.351554623
TCCGGGTCGC,708.7775339,6.550972024
CGCGGGGCCC,719.8420617,2.67661024
GTCCCCGGAC,664.0861115,5.014297218
GGCGCCGGGT,661.0911432,0.760598984
GGGCGCGGTC,651.2570786,1.642929781
CCCCGGTTCC,713.1676331,2.807168318
TTCCAGGGCG,626.7826366,1.379938374
GGCCGGCGCG,656.1746124,1.027860908
GCGGGGGCGC,631.61336,0.870370487
CCGGCGGGGC,691.1292178,2.711524624
ACCGGGGTCC,720.2520798,1.497487892
AGCCCTGGGG,716.6716359,3.691186889
CGCGGGCGCC,664.3597566,4.726129138
CAGCCGGGGG,649.1319006,0.963940464
GGGGCGGGGA,694.9036388,3.893380007
GTGGGGAACG,694.2489596,1.385718742
TCCGCCGGGG,653.8561309,4.152677912
GCGCGCGGAA,688.5321622,1.575340054
CCCGGTTCCC,710.551854,1.803434622
CGGGGGTGCG,704.4556421,1.249983019
GGTCCGGAGG,663.0170749,0.637141136
CCGGGTCGGA,677.7180849,0.950951118
TCCGGGGACG,698.3075205,2.014045845
GGGGCCGGGA,704.4556421,4.029887383
GGGGCCCGGT,828.2087596,0.817357432
CGTCCGGGCG,660.0139409,4.060765466
CCGGGAGGCG,659.6658314,2.971863743
GGGCCCGGGT,658.0211112,0.921911903
CCTGGCCGGG,679.8565397,6.566220946
GGCCGGGCCG,665.4992805,0.751087219
GGGCCGGGCG,666.5816828,2.324672291
CGCCGGGCCG,536.9275152,0.810589162
GGCCGGGGCC,666.5816828,0.790399095
CGGGCCGGGA,669.3879298,2.963288474
GCCCGGGCCC,659.4903883,2.636941698
GCCGCGACAC,608.2955848,2.870628098
GCCGCCACGC,648.2778708,1.142245503
CGGCCACGCC,641.4439762,2.145156369
CACGCCGCCC,632.3363518,0.760135503
GCCGCGACGC,641.7043571,3.969178781
TTACACGCCG,649.9157466,3.419162983
TTACACGCCC,641.4717871,3.332282543
TACACGCCCC,640.9941609,4.482190745
GGACACGCCC,622.4832618,4.249605068
ACGGCCGCGA,635.5438076,8.924398092
CGCCGCGGCC,650.3322914,6.482179689
CCACGCGGCC,641.3346996,13.64893032
GTCACGCGGC,675.6664174,11.66043934
ACGCGGCCGC,640.8162528,4.540327517
GTCACGCCGG,628.4802055,0.740417534
TCACGCCGCC,649.8714628,0.737318334
AGCGGCACGC,628.1599423,7.719174653
CGCCGCTACC,568.9251593,3.538244837
CGGCACGCCC,657.6381575,3.765788436
GGCCACGCCC,613.4041996,6.137429622
GCGGCCGCCG,661.6997585,1.638876406
CGCCGCACGC,650.6473639,1.587597783
CGCCACGCGA,614.7292134,6.575589879
GGCGCCACGC,663.8149308,3.117341491
CCGCGGCCGC,599.0226762,4.473880561
GGCCGCGGCC,641.735911,3.51380907
TGCCGCGGCC,602.8871131,6.382401012
GCCGCGGCCG,649.2821873,55.54689002
TACACGCGCC,535.823587,2.602545404
GCGGCCTACC,669.6284563,7.186234878
TACGCGGCCA,604.7754506,1.614415455
TCGCCACGCT,622.6732743,0.701943935
AAGCGGCCGA,556.5047201,0.561035667
TACGGCCGCG,652.0040295,1.145177759
CGGCCGCGGC,662.8183003,4.864748837
CGGGAGCCGC,635.5396051,3.998906552
GCGCCACACA,683.5308148,0.886309879
CGGCCGCAAA,646.072763,373.7564269
AAAGCGGCCG,645.4543988,0.585466061
CGCGGCCGCC,646.2672112,0.601810547
TACACGCGGA,619.8915897,2.684279815
GCGGCGACAC,620.4672865,1.33410589
CGCGCCACAC,618.9677238,2.955992339
AAGCCGCCCA,634.3805873,11.58055558
ACACGCCGAA,623.5557024,1.076812191
CGGCACGCAA,640.9053602,71.01108304
AAAGCCGCCC,673.5115527,1.07906981
GCGGCCGCGC,642.2508053,2.572833123
TTCGCCACGC,592.4987597,0.989322088
ACACACGCCC,657.5664471,6.862557272
CCACACGCCC,656.1974392,16.84033997
CTCACGCGGC,681.2366583,9.12831403
GCCGCACGCG,627.0588068,51.26961887
TCGCGGCCGT,660.2357875,8.142908804
ACGCGACCGC,635.3379812,5.975181037
CGGCACGCCA,629.0625332,1.861756422
AGCCGCGGCG,592.638447,8.613070429
AGCCGCGGCA,658.0165712,4.633465612
CATCACGCCC,615.4500894,17.32592358
AAACACGCCG,637.1566252,3.1439701
AAGCCGCGGC,636.4528926,0.719435734
AAACACGCCC,659.798739,3.543082203
AGCGCCGCGA,682.9579873,3.053909034
GCCGCACACG,567.1287373,54.82649081
CCGCCGCGAA,639.8204363,4.983941393
TTACGCGGCC,645.8266544,0.507943116
CGGCGGCCGC,628.4928314,14.73816268
GGCGCGGCCG,648.2518393,5.253014967
CGGCCGCGCC,640.6708225,1.908279499
ACCGCAGCCG,619.3599797,32.22868129
GGTACGGCCG,629.4296646,6.469549341
CGGCCCACGC,659.9425892,29.44377039
GCCGCGGGAG,635.4334524,13.3901229
CGCCGCGCCC,627.1461909,1.20118453
CGGCCCACAC,630.423826,3.295087645
CGCGGCCGGA,620.9909324,7.275859376
ACGGCACGCC,652.8179293,4.458333877
TACGGCGCCC,668.3375061,0.934823123
CGGCCGCGGG,676.7066699,4.238538845
CGGCCGCGGT,650.9096678,0.913981414
GGACGCGGCC,606.6689492,1.706764877
AGCCGCCCCA,629.5254038,8.300176245
TCACGCCGGA,658.3605646,0.571699877
CGGGAGCGGC,628.9209496,4.497215884
CCGCCGCGGC,640.8460629,8.396027045
CGCCGCGGCA,627.6446979,2.240000706
CGCCGCCTAC,653.576081,6.581735892
TACGCCGCGT,581.5080276,2.630215256
CGCGAGCCGA,708.4047571,12.10073413
GCCGCCTACC,681.612905,2.571219485
AGCCGCCGCA,636.0566081,0.83567854
CGCCGCGGCG,647.4254092,1.562827626
GCGGCCGTTT,629.2686246,3.007873828
GCCGCCGCCC,624.7596662,49.30985903
GCCGCGTCCA,612.9874335,75.22745503
GGCGGCCGCC,691.3814615,2.102892668
GGCCACGCGG,636.5274795,12.5320863
CGCCACGCGC,631.7885764,3.531595411
TCCGCGGCCC,672.1604338,9.212417622
ACGCGGCCCA,642.5775424,2.339270262
CGGCCGCCCT,623.8113332,2.671192211
TACGGCCGGA,678.6181431,0.915031427
TCGGCCGCCC,641.84418,0.765764109
TGGCCACGCT,698.1432559,1.773476399
CGGCCGCCGC,616.8843518,1.053022516
CGGCCGCCGG,652.1828186,4.4690609
AAGGCCACGC,608.9268081,4.991131991
CGCGACGCAA,691.9209438,2.821949561
TCCGCGGCCT,567.6642364,1.570372774
AGCCGCGGGA,648.3012942,3.091596862
AGCCGCGCCA,718.2578648,12.41744899
ACCGCGGCCA,611.0982042,3.752924537
CGGCGGCCGA,645.1503434,4.048271552
TACAAGCCGA,644.6549575,3.383846158
AACGCGGCCA,583.542657,0.741517889
GCGGCCAGTC,694.7708912,1.456842926
AAACGCGGCC,654.0241726,4.2627115
GCGGCGACGC,650.0925058,2.524894669
TGCGGCCGCT,723.1242871,0.735722385
TCGGCCGCCT,639.8659052,0.631632627
CGGCGGCCGG,654.1679774,2.288729441
CGGCCGCGTT,664.9940275,2.428122153
CACGCGGCGC,642.9887657,1.860865511
ACCGCCGCAA,633.043514,5.392659266
GGCCACGGCC,578.0454072,18.23990467
CGCCGCGTAC,604.7579889,26.85710012
AGCCGCCGAA,619.4174406,0.782360832
AAACACGCCA,542.6673083,2.374359863
AGGCGGCCGA,641.5708703,2.681999371
GTCCACGCCG,598.3549945,0.765144233
CCGCCGTCAC,630.9285868,1.175199489
ACGCACGCCA,557.8799453,27.4801555
TGGCGGCCGT,663.2057516,0.629907114
TTTCGGCCGC,641.9840302,1.769735752
AAGGCGGCCG,638.7045966,1.238755123
CGCGCCGCAA,678.8080375,6.430878169
GCCGCCTCAC,635.9502501,1.049391024
GGCCGCGAAA,647.5921741,1.658272521
CCACACGGCC,644.6248255,2.479050948
AGGCCGCGAA,652.2008985,1.18119048
AGTGCCGCCC,598.780915,0.547748813
GGACACGGCC,643.8437849,0.649738605
AGGCCACGCG,642.8610435,1.653795722
GCGCCGCAAT,625.5701134,4.793298996
GTACGCGGCG,614.934553,2.398822287
AGCCGCGCCG,655.617225,15.49843823
GCGCGACACG,654.8966022,1.494855261
AGCGCCGCCA,690.4880533,4.739867463
TCCAGCGGCC,650.8535616,1.215891697
GGCCGCCCAA,634.6408203,0.904413833
AAACGCCGCA,632.1091354,1.567697207
AGGCCGCCCA,600.171947,1.194860081
GGCGACCGCA,611.2109041,1.804553959
GCGCCCTACC,680.4277427,0.874962592
ACGCCACCGC,640.7779366,6.797569722
CGGCAAGCCG,634.4656783,1.815498558
ATACGCCGAA,532.9960679,1.047851677
CCGCACGCGA,697.6077865,58.90304821
ACGCCGCCCC,681.0333571,0.977700766
CCTACCGCCG,667.1500157,64.49924456
AGCCGACCGC,641.7449791,26.14545291
GCCGCCGCCA,646.7497958,0.864199203
CCGCCCTACC,674.6277064,3.595111024
CGCCGCCAAA,684.953346,6.536219412
AGCCCACGCC,669.1244351,2.223426572
GCCGCCAATC,636.8184327,1.182669905
TCACCGCCGC,664.5753798,1.955120076
TGAGCCGCCG,635.7925403,2.735923383
GCCGCCAGTC,642.2855402,3.791178836
CGGCGCGGCC,637.810962,1.741078669
TCCAAGCCGA,649.4150251,4.460017299
GCGGCGCCGG,661.4422451,0.815132516
GCCGCGTACG,549.9509361,55.11125851
AATCCGCCGC,675.1442187,3.103956767
CGGGCCGCCC,659.786766,0.753751043
AGCCGCCGCG,667.0499088,1.480548335
CGGCGACGCC,623.8525358,0.954003882
CGCCGCTCAC,628.4806834,3.705281049
GCGCAGCCGA,653.6744245,3.199539105
GGCCGCGGCG,591.9690451,3.902681099
CCCTGGGACC,724.9206462,34.93141486
CCGGGGGAAA,728.3496489,16.18306659
CCTGGGGAAC,727.4652864,56.1393949
CCCGGGGGAC,708.0861931,21.51664879
CCGGGGGATC,736.9556256,20.54727677
CGGGGGGACC,695.3626689,40.85352625
CCGGGGGAAC,752.2302101,5.833862545
CCCTGGGGAT,713.7705506,63.40719873
CTGTGGGACC,688.2639351,2.040719237
GGGGGGTTCA,802.3396817,356.8564665
CCCGGGGAGG,718.3450477,28.07373587
CCGGGGGGAC,694.6445379,13.65738757
CCCCGGGGAC,718.4014053,47.00851614
GGGGGGGTCC,709.3200461,12.30049701
CCTGGGTGGA,723.2997795,18.88736755
CCTGGGGCAC,727.3046192,25.03688095
ATTCAGCTTC,910.3781757,10.23547135
ACAACTAAGT,852.0241121,4.717001572
TTGGCTCCCG,713.1430207,0.798823968
GTGGTACATG,910.8467372,0.827706652
GGGTCCGTCT,719.0490698,1.035287178
CGGGGGGGTC,667.0263671,0.982223017
GTATCCTCGC,871.8545109,4.985728974
GGGGGTTAAA,677.8052403,3.22031561
GTCAAAGTGC,932.1983455,1.010871462
GGGGAATACA,676.7511422,1.962431379
GGGATTTACC,685.2491973,1.103540875
CGGTTTGGCC,657.8946439,2.911776867
ATGTAGTGTC,954.329822,7.662299384
ATTCTTCTTG,838.1572996,1.966817118
TGGAACTCGT,850.8177385,16.72721413
GTAGAACGTT,922.3925472,3.962225948
CCGACGCCCT,683.4167732,3.476530273
TTCCCCACCC,560.4226062,1.311601387
CCACGGGCAA,696.7266084,4.936453193
GCCGGGCCGG,706.9660545,2.980417767
GACGAGGCAA,519.8422372,0.679246755
CCAGGGCGCC,851.0146448,9.96180191
ACCGACCCCC,653.7282605,2.302175296
TACCGAACCA,740.0252059,0.598758871
GACGACGGAT,737.7701126,2.185483137
CCGACGGGGT,679.3520402,3.128901785
CCGCCCCTGG,716.4795117,4.650543144
GCCATCCCGC,650.2605282,3.696866928
TAGGGCTCCG,715.9310817,3.138486623
GGGCAGGAGA,897.82768,129.001839
CAAGGGACCC,716.5661065,3.744190325
GACACGGACC,676.545125,1.615336842
CCCCCCCCAT,717.9753629,5.264237112
GGGCCCAAAC,709.6262775,2.432883081
ACCAAGAGAA,726.32802,0.830587029
TCCCAATACT,820.8001452,0.525534423
CCATTCCACC,793.94746,0.851870721
AGTCCCAATC,716.0539256,2.10921667
GTGAGTCCCT,708.530163,2.572558005
AATCTGTCCC,718.8224633,3.54447078
