Sequence,Wavelength,LII,Z-Wavelength,Z-LII
GGAGAACTTA,977.8968916,2.957340735,13.43936729,-0.889216781
GGGGCCCGGT,828.2087596,0.817357432,3.178624868,-2.354786396
CTACGAGATG,863.3649482,1.382276835,4.679496288,-1.585569978
TCTCGGGTTA,888.5187745,0.551581005,3.57343626,-1.877281308
GGGCGCCCCC,881.2189974,32.74652655,5.59177494,2.458562374
TTAGCGAAGA,939.5407584,0.545983962,1.894855738,-3.530686855
AAAAAAGCGA,840.2031044,0.661149721,5.606169701,-2.554825306
GAGGCCGTCA,994.2728922,8.79958506,3.165407658,-0.252671719
AGGACTGGCC,830.0757166,1.099747773,2.658346415,-2.207660675
GGACCGGACA,813.3980125,7.287094636,4.410024643,1.235155582
ATGCGCTCAT,898.8939303,3.145327395,0.01173988,-0.35780561
CGAACCGGGC,857.6352302,143.0333118,3.326922894,4.001236439
GATTATACCC,811.8139179,2.108107155,-0.010594845,0.156010389
GGGGCGTAAT,852.6220542,52.7355033,6.379070282,3.517087698
GCGTGCCCAG,950.2552481,0.881432946,1.188144684,-2.758363247
CAGCTGCGCG,968.8466942,2.61753555,2.754587412,-1.734313369
GCCCGTTTCG,914.2478555,9.85803975,3.60630846,2.898909092
CACCCCGAGC,889.750278,41.63829465,2.227617264,3.397364855
CCCCGTTGTT,850.1473741,7.10760465,5.671599388,5.051059246
CTCGCAGAAC,900.9528383,40.3939014,1.321436882,1.35905838
TTTCCACGAC,903.1859019,9.1054425,3.462115765,1.746287465
CATAGTCTCC,860.9782144,42.15831675,3.581863403,3.643985748
GCCTGGGCGC,811.3851379,190.7472225,3.135304451,2.343625546
CTCCCAATAA,971.4554487,2.607796275,1.755314112,3.467323303
AGTCCATTTA,983.8182089,0.956951961,5.553911209,-2.853800774
ATCATCACTA,972.491907,8.70957279,-2.781823158,0.902911663
ACGGGTTTCG,932.2579706,2.85116637,8.164541245,-0.83697021
ATCTCCACAG,817.515507,262.5182055,-0.160995245,-1.410127997
AGTGGCTAGT,949.1001796,3.720562305,7.22862339,-0.503748775
CTCCTTGGCG,941.0935263,2.281371483,5.582602978,-0.876047492
GGGACGTGAA,802.9381198,3.576480795,1.185791969,1.018410444
GGGGGGGGCG,817.3410785,5.55569652,2.192605972,2.340311766
TCCACAATCC,1198.939516,2.327658435,-1.507209778,0.358624458
AGACCCTGAC,965.4439141,11.951145,0.949460685,1.410093546
GCTCCGGACT,874.7791651,20.21524425,2.1146245,3.711975813
GGCCCGGCCC,830.1066925,12.208254,3.734334946,1.900182366
GCGGGGGGAA,834.5316672,1.149794292,2.64109087,-1.676564097
AATCCAATCC,994.8344999,6.12258234,-3.718276501,-1.025458217
CGGGACGAAA,809.5569466,3.78450753,5.337974548,-0.999889016
CCGAAGAGTA,815.8457929,36.0445308,7.689023018,2.173557043
CGAATAAGGG,830.2908425,5.764612075,1.725914717,2.210057974
GGAATCGACA,941.639837,0.754811763,6.083829403,-2.894576073
AACATCCATC,952.9496109,3.38557785,-1.254218936,-0.402517438
AAAGAACTCG,892.0128343,9.0069612,3.269791842,-3.753866196
TTCAAAAGCA,963.4872812,3.651421725,4.080900192,-0.297928452
ACGAATTGGA,946.7337258,8.88606171,5.616474628,2.739152908
ACCAGGATCG,802.8190112,109.0255785,6.109583378,4.488866329
GACATCGACA,993.3109522,2.2894431,1.784678698,-0.522762418
GGGGGGGCGC,906.1257448,7.83484932,4.277995586,1.036370039
CCAAGACCGT,928.1917895,0.730278849,-1.182949543,-2.404245377
AAAAGCACCA,833.8681113,1.359217542,-8.367699623,-2.225074768
TACTGTCTCC,853.401254,2.348482287,3.184320927,-0.726408839
GGGGGAAAAG,836.7676017,8.53388556,4.622772217,0.563230991
GGACAAAGAC,813.1695697,41.9611074,1.969337702,2.046197176
CTGTCTGGAC,927.955043,0.624792552,2.512488842,-5.011070251
GGGGCCAGGC,813.1145449,87.1544628,6.621881962,2.669828415
CGGGACGTAA,975.1693083,1.76588466,4.643770695,-0.406301856
CGGCCCGGCC,851.4681028,14.8572537,5.151269913,0.801404238
CTCCACTAAA,1004.777296,2.85644838,1.008598566,1.905085564
GAATGACGTA,1042.149017,2.09920416,5.762074471,-0.684790015
CCGACACCGT,901.6453468,0.70981845,1.107478619,-1.482373357
GTCTAAAAAC,805.3397209,29.8643724,2.695533276,5.99105978
GGGGGCAAAA,819.513494,5.53019559,5.926420212,0.447902083
GGGGTGCAGT,906.7354146,4.213907355,6.363931179,0.362300277
TTTCGTCTCC,829.8580782,7.68742707,6.523761272,2.569251299
GGGACGTACG,964.2571085,3.522244755,1.122689724,0.125660777
GGGAAACGTT,981.0599178,3.03508578,8.949508667,-0.218155026
AACATGGCTC,836.077136,27.5755758,4.205153465,4.355381966
GGGAACATCA,881.0937789,25.8394329,7.570272446,2.578551054
ATCACAAGGA,961.1844732,9.7829988,2.621837139,3.712451458
AATGACGACA,953.2045086,2.33374191,14.47007179,0.191278338
ACCGGAGATG,882.5887459,1.455637713,4.576372147,-1.489637256
ATTAAGGCCG,973.8334288,1.537044,2.069919109,0.192550421
CGAGAACTCA,896.0209736,15.6314295,4.901641369,-2.129854202
TGACCGACCC,866.1931758,6.78606051,1.507704973,1.630712867
CAAACCTCTA,914.8504469,4.052919525,-0.684377849,0.015292764
ATCATCACGA,906.6185595,6.37210041,-0.584105492,-0.272069693
GGGCCACGAA,866.412907,3.960698595,1.873870134,-0.74680531
ACTGCGTTGG,886.9386533,4.43815023,6.33833313,0.867358744
TCGACGATCA,905.5456478,13.82324505,1.649252892,1.95374918
GAGATCGCAT,823.7693129,2.514275656,-1.096954465,-0.017201185
GCCGCTACAA,819.9054196,7.60225071,2.197694302,1.910766006
GATCTAGACC,912.2207744,21.21833475,2.170410156,1.238735914
ACCCGGCGCG,898.8322777,92.5235565,5.254763603,4.4952631
AACGTTCTGT,884.924739,0.686724119,4.149711609,-3.249518871
GGGGGGTTCA,802.3396817,356.8564665,6.034303665,4.81349802
CATCCATGAG,900.1103585,35.2724961,1.504411697,2.676272154
AACGAACCGT,976.6875835,1.46037081,0.559454381,-2.703841686
CGTACTTGGC,809.2233527,1.232583837,3.377609968,-1.726602674
CGCGCAATGT,864.4929271,11.63668035,3.635176659,1.152266502
ACAGAGCGGA,921.5066342,2.31884691,9.411117554,0.721751571
GGTATTGCAA,866.09081,3.038938965,3.951409817,-0.201361418
CCAAGAATAG,816.4359783,2.258071845,3.801706791,-1.562128425
ATACACAACC,889.0136005,15.1602156,-1.56431222,1.266422868
GGGCCCGGCC,820.0512249,1.48975488,5.793320656,-1.081096053
CCAAATGGAG,985.5789098,3.042321615,6.545826435,1.054923892
GGTACGGTCG,837.7103911,15.18797955,4.369439602,3.508416653
AAGGGAATAA,896.8846459,0.925671015,5.207909107,-4.588692665
TAGGGAGGGG,891.5858589,13.96940295,3.465547085,5.277910233
AACACGATTG,941.646786,3.33203739,5.250216961,0.713204741
GACGGAAGCC,972.2511985,0.536274756,4.262589931,-3.378766537
ACGCTGGTGA,824.010114,10.738242,0.924302518,2.559556246
TGGGACGTCC,972.7526496,5.49408036,3.378367662,-0.050328135
CAGTCCAATC,986.8121501,1.72709415,0.1171,-1.326427341
GGGGGCGCCG,885.2597698,43.78212495,3.935586929,4.84743309
GTCCCTGCGA,905.1625221,10.47468558,3.136418343,2.584830999
GACAGACCGG,892.398114,3.793486095,5.640976906,0.002720833
ACCGGAACCA,830.5490295,3.163791121,1.841800928,2.774837017
TCGTTCAAGG,816.0355343,1.150701147,1.505592585,-5.111635208
GTGGACGGTC,900.0155686,4.062027795,3.324023247,0.466632962
AAATGCGACA,938.0093426,1.210507545,3.846597672,-1.243154645
GACTAGGTAG,978.6477419,7.29762951,4.958350658,1.959496975
GGGGACCTAA,896.4061138,26.74162845,8.739712715,1.562502027
GGACTCGATC,904.7003373,6.95600685,3.864440441,0.748514533
GTACCTGGAG,948.9756412,0.556366074,1.781014442,-1.788316846
AACGGAGATT,990.6550072,0.549345666,6.840996742,-3.736448765
AGGCGATCAT,889.4797002,43.5279306,3.630090237,2.879407167
CCCACAGTCA,893.490345,3.007541955,-4.107729912,0.609117746
ATGGAAGAGA,901.2786967,11.33671287,6.235615253,1.789399743
TGACCCTCCA,891.0882,7.45423968,1.466147423,1.697651029
CCCCCATGCT,895.5750711,4.87952037,1.74058032,0.88949424
TCTCGTCGAA,911.3308391,7.56357048,5.14811945,0.478726983
CTAGCCTTAA,804.4505029,5.92526199,3.730540752,0.505373716
GCGAGAATTG,824.3741063,49.60915095,6.622106552,4.712376595
CGTTAAATAC,1014.163307,1.27487871,4.82968235,-0.902340293
AAGGATCACT,913.0929044,4.742136825,4.151933193,0.051294565
AACGACCCGG,900.2366557,9.41229315,3.229268074,2.223226547
CCTGACCAAT,858.9521344,5.16820191,4.583348274,-0.049927592
GGGGGACAAT,805.1072945,6.42114252,8.049841881,0.536021709
TGACCACGTA,803.4375506,0.818175216,0.568756759,-2.847943783
AATAACCCAC,801.3935426,9.77381568,-1.876958847,5.529794693
CGGGCCAAAC,888.2326242,2.9335125,2.901841402,-0.823224664
GGGACAGGAA,1018.546873,0.72743076,1.525768042,-2.474734783
ATCCGGGGGA,862.5427297,0.904252443,2.945349932,-1.783310056
AGAGCCCTAC,890.5801863,34.3250031,1.296350718,0.557817101
TCAGTCCGAC,903.7116106,5.82794058,1.63728857,0.130979896
GCAAGATGTT,951.589896,9.8499069,4.407515049,4.856584072
AATGACGTAC,1048.395171,1.900696245,5.415642262,-1.591073632
GCATCCAGAT,972.9925843,7.10839836,3.095789671,2.062264919
CCAACGAGAA,868.9180701,0.808787208,-1.513905525,-2.503780365
GACGAGGAAC,911.956853,7.81301388,3.464519501,1.692145348
AGCGACGCCC,883.4988922,2.328505035,1.053697109,0.744639456
ATCACCACCA,952.9443261,3.75746286,-2.672355413,0.493663073
TGGTCGGTCC,923.2096637,6.77802435,5.372243881,0.743897498
CCCCCGCTTT,916.9906988,39.5077782,1.720415592,2.115718365
GGGGACGAAT,853.6940043,30.5994024,9.203036308,2.043535948
GAGGGCGGCA,919.5691951,4.51961907,2.956731558,0.337239385
TGGGACCGAA,809.006015,22.81086015,3.68553257,-0.092170358
CCCCCGGTGG,918.5582222,15.2820462,4.211374283,3.485138655
TGGCCGGCCC,994.9681989,6.77453358,4.40835762,1.680679083
GGGACCGGAA,948.4421146,1.851719733,1.723591566,0.070612073
TCTATCACAG,1000.62964,3.40390401,3.463340759,-0.1510849
CTCCCTTACG,804.9881921,2.833797135,1.794730663,-0.060262203
TCTAAAACGT,958.279646,2.796164565,6.407838821,0.100512266
GAATCCTCAA,985.45688,0.829419549,2.816601753,0.01254487
AAAACCTCAG,855.4460332,40.78017825,2.676103354,4.615642071
AGTCACGACA,811.7702875,321.6971835,7.335354805,2.296357155
