Sequence,Wavelength,LII,Z-Wavelength,Z-LII
CGCCGAGGCT,632.01698,2.2118785,-0.67596036195755,-2.711092472076416
CGGCGGCCGG,654.1679774,2.288729441,0.0652574896812439,-1.142557144165039
CACCCCCAGT,656.1746263,7.620012177,-1.265162706375122,0.4342968463897705
CCGAAACAAC,638.2439599,0.53447196,-0.3899769783020019,1.960545301437378
ACCGCCGCAA,633.043514,5.392659266,-2.645348310470581,1.4873032569885254
GCCGGGAGCA,648.4908792,2.223957387,-0.3520841598510742,-1.095120906829834
TTCCCCAAAG,659.9042677,1.309939835,0.3373635411262512,-1.6944198608398438
ACAAGCCCCA,637.4033846,12.96326837,0.0773764848709106,2.207939624786377
TATCACCGCG,642.7009874,10.51636026,-0.8364807367324829,1.6569790840148926
CGGCAAGCCG,634.4656783,1.815498558,-0.3789327144622803,-2.942136764526367
GCGGCGACGC,650.0925058,2.524894669,1.3277411460876465,-0.7790355682373047
CACTTCCGTG,600.0342112,1.479461319,-2.6318371295928955,-1.7755106687545776
CAGTCCGGGG,626.958258,0.50433225,2.5997660160064697,-2.247054100036621
AGGGCCCAAC,633.5395632,2.847088295,-1.8020951747894287,4.66883659362793
GTCCCGGGCG,642.8496773,5.043234513,1.089442014694214,1.2694841623306274
CGCCACGCGC,631.7885764,3.531595411,-0.9802704453468324,-1.0605783462524414
GGGGCGGGCC,659.2799798,4.861454018,1.2766854763031006,-0.6773033142089844
AGCCGCGGCA,658.0165712,4.633465612,0.0893149375915527,0.1740419864654541
GTCCGGGAAT,657.2811894,2.043401906,-1.623615026473999,-3.237656354904175
TCAAGGCCCA,655.6047099,1.721929889,0.4367352128028869,-0.3625801801681518
GCCGCCGCCC,624.7596662,49.30985903,-1.2661129236221311,0.7724357843399048
GGGGCGGCGC,631.6511694,5.355428409,0.2887121438980102,1.748969793319702
AGGACACCGA,597.4392657,1.185642665,-4.030240058898926,-2.156858444213867
GGCCGGGAAC,648.889739,1.459289732,-0.15971440076828,-1.9269999265670776
ACCAACCCGC,658.8050909,23.27428249,-0.9805175065994264,4.738541603088379
CGTCTGCGCA,599.1602656,1.020734836,-0.1612280011177063,-2.699594497680664
CCTCGCGGCG,643.8044023,75.30143964,-0.2593913674354553,2.308931350708008
TGCCGGGGCG,637.5694288,2.849225456,-0.5535320043563843,-3.0327959060668945
GACAATTCCC,655.5158354,0.535543755,-3.0627858638763428,-0.9672503471374512
GGGACGAACG,640.4107799,4.014966008,-0.8597606420516968,-0.8197267651557922
TTACGCGGCC,645.8266544,0.507943116,1.0899369716644287,-3.9609622955322266
GGGCCTGAAA,616.8219897,27.20940787,-0.4808486402034759,1.945847749710083
GCCAAGAACG,646.7494618,3.798865362,0.7151487469673157,-0.6988633871078491
GCCGCGGCCG,649.2821873,55.54689002,0.0887137055397033,1.0560075044631958
ACGCGGGCGC,643.3322436,3.00791466,-0.5485480427742004,-0.9075369238853456
AGGCCACGCG,642.8610435,1.653795722,3.051149845123291,-3.017979621887207
GCCTCTCGCG,650.141117,26.37236415,0.9456309676170348,1.7232298851013184
ATCACAGGGC,640.905327,4.433887026,-0.9304840564727784,0.7120205163955688
GCCCCCCCGG,655.8054593,4.139087971,1.1030442714691162,8.48073959350586
CCAGCACCGA,625.9687622,15.6597256,-1.2474942207336426,2.904323101043701
GGGCCGAACG,655.9449362,41.52750361,0.3241512179374695,0.9641355276107788
ACGAGCGCTC,630.6930991,1.218519343,-5.107639789581299,-2.1509406566619877
CCCGCGGGGT,638.9275255,5.928190936,0.5979344248771667,1.5350816249847412
GGTACGGCCG,629.4296646,6.469549341,1.8640081882476809,-0.2134953737258911
CGCCGGGCCC,642.0552749,2.066409273,0.9934794306755066,-0.8709863424301147
ACGGCCGCGA,635.5438076,8.924398092,-0.9549227356910706,0.4001481533050537
CCACGCGCCG,621.5261184,2.794835994,-1.0748530626296997,0.5598080158233643
CCGCCGCGAA,639.8204363,4.983941393,0.8530802130699158,0.3903728127479553
CCCCTGCCGG,657.6947418,2.168108919,-0.4603755176067352,-1.8578572273254397
GGCCGACCCA,642.4740863,14.44021141,0.2889336347579956,2.003786563873291
CCACCGCTGT,623.0444739,8.471631466,-1.983100652694702,1.5384540557861328
GGCGCGGGAG,624.3468663,2.400697967,-0.4156259298324585,-1.4939675331115725
GGGACCCGGT,639.0120573,1.410001686,1.5205259323120115,-1.5660254955291748
GCGGGCGCGC,609.9933537,37.58980926,0.596925675868988,-0.8216760158538818
CCATCGAATG,655.8583623,3.405798328,-2.98047947883606,-1.032478094100952
CAACCATGTA,612.1348243,1.845021527,1.6306359767913818,-2.081906080245972
CCCCCCAGCT,651.6064357,17.61335965,0.937260925769806,1.815577745437622
AAACGCCGCA,632.1091354,1.567697207,-1.3504533767700195,-1.3293638229370115
CAGCCGGGGG,649.1319006,0.963940464,1.311516523361206,-0.6167789101600647
CCACGGCTAG,626.9470351,18.07016454,-0.647543728351593,1.3982900381088257
CACCCGGCGG,649.6080531,2.000687609,0.129715085029602,-0.5770241618156433
AGCCGGGGCG,656.5034722,0.905024859,0.2749733924865722,-2.838369131088257
ACCCGAGCCG,656.0866497,9.855818225,-3.913730144500733,-0.1466947197914123
CGCTGCCGGA,650.8928554,0.605994491,-1.3966861963272097,-1.436976671218872
TGATGCCGAC,616.6717524,0.522793436,-2.366484880447388,-1.2260115146636963
CGACGATGCA,637.0570021,3.194267472,-1.1765711307525637,-1.7530852556228638
CCGGAGGCCG,637.4039351,2.351554623,-0.6542735695838928,-0.2637182176113128
CGAAAGGGAA,623.2224235,1.231176189,-1.63554048538208,-1.2337838411331177
AAGGCCGGGC,646.1499692,0.705751988,-0.2368287444114685,-3.3186182975769043
CCTCGCAAAC,631.3300138,1.47976416,-1.0934486389160156,-2.4922163486480717
AGATCCAATG,598.4268779,2.04971444,-2.8961658477783203,-0.7602115273475647
AACCAAGGAA,630.4187292,30.22194461,-0.5374772548675537,2.4782495498657227
GAGCCTCAGC,645.2186327,0.93236284,-0.1226232945919036,-1.631200909614563
ACACAGCCGA,631.7978485,107.6392546,0.7925205826759338,1.287206530570984
GGCCACGCCC,613.4041996,6.137429622,-0.8459581136703491,1.0016531944274902
AGCCGCCGAA,619.4174406,0.782360832,-0.3275957107543945,-0.9395980834960938
ACGCGGCCCA,642.5775424,2.339270262,-0.211838036775589,0.2492358684539795
GCTCCCGGCT,634.7595811,17.12343897,0.7490985989570618,3.1441001892089844
CGGCGCGGCC,637.810962,1.741078669,0.8595876097679138,0.5734328031539917
GCGCGATGCA,644.6958564,1.819542934,-0.6715302467346191,-2.580286264419556
AACAGCCCCA,647.0848426,7.182201602,-1.0144537687301636,1.2111014127731323
GACCTCAGAA,635.4444276,4.10567076,-0.7992775440216064,0.5788969993591309
GCCCACACAA,625.0996973,33.44600615,-1.2828776836395264,1.9569385051727293
TCCTCCGGCC,626.3398999,8.254695911,-1.0928122997283936,0.3014476299285888
TCCAAGCCGA,649.4150251,4.460017299,0.0990589261054992,3.986253023147583
CGACGCCCCG,625.5891152,0.725730205,-0.6465942859649658,-1.4764829874038696
CCCCCCGACT,625.0407047,1.699432202,-3.454204559326172,1.1187485456466677
GGCTCGCCAA,652.0892105,5.845069785,0.0195532441139221,0.2242627143859863
GGGGCGTAAA,620.9380927,133.265612,0.8502681851387024,4.527219772338867
AACACCCCCG,659.4155377,18.47165877,0.7379482388496399,2.4026317596435547
CGGCACGCAA,640.9053602,71.01108304,2.4726333618164062,3.143828868865967
CCACACGCCC,656.1974392,16.84033997,-0.5649654865264893,1.0258392095565796
GGCCGCGAAA,647.5921741,1.658272521,-0.9409706592559814,-1.5456454753875732
CCGACACAAA,656.1380117,4.289966688,-0.5311362147331238,0.816725492477417
GCGAATCCCC,596.0542381,8.217923865,-1.0785393714904783,1.7958481311798096
CCCCCGTGCT,629.3482877,6.134786709,-1.453042984008789,2.075877904891968
GCCGCGACAC,608.2955848,2.870628098,-2.16280198097229,-0.2345685958862304
GCCCCCGGGA,628.2912177,54.95507338,1.5508787631988523,6.082581520080566
AAGGCCACGC,608.9268081,4.991131991,-0.8061404228210449,0.9289817810058594
AATCGTGGCG,653.6837297,0.750399051,2.970698595046997,-2.4409000873565674
AGGGAACTCG,644.1334921,0.570606888,3.287022829055786,-1.7341420650482178
TGGGCCGCCC,594.5405635,1.034618294,0.9736945033073424,-1.8243966102600095
CGCCGCACGC,650.6473639,1.587597783,-0.4132348895072937,-0.6359481811523438
TCACAAGCCC,597.1921699,4.216061094,-1.4074373245239258,-5.435102462768555
GCGACGAGAC,623.5160652,1.163640967,0.374157190322876,-1.454296588897705
CCACACGGCC,644.6248255,2.479050948,-0.1111313998699188,1.0287669897079468
GTCACGCCGG,628.4802055,0.740417534,-0.7790619134902954,0.0501013994216918
ATTCCCCACA,595.0230868,1.25203068,-1.966001272201538,-1.9647144079208372
GGGTCGGGCG,651.1900361,2.266752613,1.1322743892669678,-0.4917109906673431
ACCCCAATAG,654.4292,50.55385556,1.3503098487854004,4.394374847412109
GGCGAACCGA,609.626597,2.225402336,-1.3978073596954346,-0.1236206591129303
GTACAATCCC,629.0740874,2.419772764,-3.711907386779785,-1.077322006225586
CACGATCCGA,620.4579093,1.051013055,-1.35752534866333,-1.4989311695098877
ATCACCCCTA,650.2495245,2.103452752,-0.6195273399353027,0.2390446662902832
GAATCCGGGC,648.9934713,103.1871826,0.3342012166976928,2.621870517730713
GAAGAAATGT,642.2054957,1.055792741,-0.98630952835083,-5.475042343139648
GGCCGCGGCC,641.735911,3.51380907,-0.0276350080966949,-0.6583853960037231
CAGGGCCGGA,639.885158,3.661944129,1.8224077224731443,-1.1887115240097046
GACATCCATC,629.157692,10.49719271,13.272908210754396,0.9002244472503662
TGGACGAGAA,635.0261228,0.7613558,-2.508509635925293,-6.796889305114746
AACAACCCTA,635.2780821,2.216731434,-1.3941538333892822,-0.1621206402778625
GCCGGGGCGA,649.0263913,1.226454877,1.7000277042388916,-1.5905911922454834
ACGGCAACCA,648.9280488,408.4818424,0.6475972533226013,4.863430023193359
GAAAGGTGCG,590.0174359,16.27105245,-2.212775468826294,1.75003981590271
ATCATGTACC,603.880501,1.108281598,-0.5235248804092407,-3.2779250144958496
AGCCGAAACT,645.9058208,4.038660197,-0.7355813384056091,0.3671302795410156
GCAATCACCA,600.317594,2.050663851,-1.4648568630218506,-0.7580387592315674
CCGCGACCAG,652.5483843,4.002575655,-1.362542748451233,0.3646556138992309
CGGCGCCGGA,652.1476224,8.810604723,0.0394096970558166,0.6236644983291626
ACGGCAACCG,610.0336705,84.30073355,1.4087486267089844,3.064103364944458
CGGCCCGGGC,645.4666301,1.812136059,0.6177961230278015,0.1012676358222961
AACCACCCCA,616.0981071,9.216164432,-2.5500001907348637,4.178095817565918
CCCACAATAA,651.9306285,16.5172946,-3.498493194580078,0.6168309450149536
CACCGACCCG,615.7649213,1.8929966,-2.595975875854492,-0.8013993501663208
CGGGAGCCGC,635.5396051,3.998906552,-0.6519936323165894,-0.0051188468933105
GCCGACCCTT,659.7209398,1.144097638,-2.0139877796173096,-1.745497226715088
ACCGTCGGCC,608.54438,1.928127234,0.6224413514137268,-0.1702851951122284
GCTCGCCGGG,647.1352005,1.189448514,-0.1406501531600952,-1.0432007312774658
ACCGAACGTC,635.9130528,8.058988919,-0.6422070860862732,-1.526508331298828
TCCCGACGCG,619.920965,1.282096238,-0.6445818543434143,1.7038800716400146
TAGCCACCAA,629.8845097,0.544073958,-4.906995296478272,-2.227602958679199
GCAAGGGGCC,642.3753063,6.809176638,-2.227273464202881,1.1293604373931885
ACGGCACGCC,652.8179293,4.458333877,0.1945008635520935,0.1154174208641052
CGGATCCGGA,608.536196,3.529004363,0.9976689219474792,0.1583368182182312
CCGCCCCCAT,655.7621364,5.763257669,-1.4667612314224243,0.9314485788345336
CCGGGCTGCG,649.3987661,1.774050062,-0.0217605531215667,-1.3752102851867676
AGAGAGAGCC,653.3620607,2.857796226,-1.0649337768554688,-4.40450382232666
GCCGGGCGCC,653.2818479,1.706482207,0.1389920711517334,-1.2029240131378174
AGGGCGCGGA,638.6854477,3.824695385,0.4556302428245544,-0.7054084539413452
TAACCACGTA,654.7977524,1.379475168,1.8680450916290283,-4.901918411254883
TCCGCGCCAA,606.8816872,3.07224273,-0.5387021899223328,-0.498049795627594
AACCACCTTC,594.1261958,1.911078607,-1.1238219738006592,-1.7637627124786377
TCCACCTGGA,602.2702519,2.204173375,0.5615031123161316,-0.3927206695079803
GCTACTCCCC,640.7782987,4.166940211,1.0690851211547852,1.0738719701766968
CCCCAGGGGG,608.6252755,14.30087274,1.249171018600464,1.026744723320007
GGTTCGGCGG,654.9748939,0.710544113,-2.278562545776367,-2.15319561958313
GATCCGGGAG,644.7208957,2.086284063,-0.0776295661926269,-1.156282663345337
GGGGCGGAAA,657.0877888,8.693910395,0.4103223085403442,0.0360178351402282
AGCCGCGGGA,648.3012942,3.091596862,1.9456827640533447,1.4515657424926758
CCCACACGCC,654.1733163,40.16122081,-0.5831389427185059,2.89571213722229
ACACACGCCC,657.5664471,6.862557272,0.5288313031196594,1.4165222644805908
ACCCCACCCG,612.8462708,17.85208627,-1.575268030166626,3.8458077907562256
GAACACCTCA,649.4809541,5.792539538,-0.5198310017585754,-0.0121544003486633
CCCATCTCTA,621.5058048,1.178101347,-2.1661596298217773,-2.139893054962158
ACTCCGGCCG,648.0370234,6.542478017,0.212267518043518,2.254632472991944
TACAGACGTC,596.1653555,1.342328655,-1.6199376583099363,-6.182011604309082
ATCCACAAAG,595.735045,5.94669206,-1.278930902481079,6.029254913330078
CGCCAGCGCT,628.1171718,1.58875889,-3.423968553543091,-2.30737853050232
CCGGGCTGTG,612.5925207,0.779513383,-0.2352715730667114,-0.5360493063926697
ATCCCCCCCG,658.3465497,8.597689395,1.0643963813781738,8.352700233459473
CGCGGAGGAT,653.1412302,0.993365871,-0.1239859163761138,-0.4206636846065521
CCCCCGAGCT,657.1346759,25.08254992,-1.142155408859253,3.950420618057251
TCGCCACGCT,622.6732743,0.701943935,-0.6392679810523987,-2.378711462020874
CCCCCGACTT,641.8454459,10.66006233,-0.299744963645935,0.9626606702804564
CCGGAGCCGG,633.5176475,3.064264282,0.2729405760765075,0.4811998605728149
GCGCGGGCCG,656.4692331,2.781405283,-0.2163997292518615,-2.472729206085205
CCCAGCGCGG,649.0923807,8.753520893,0.4401212334632873,1.2100629806518557
TACACGCCCC,640.9941609,4.482190745,-0.3822731375694275,0.1224817037582397
CTCCGACGAG,630.0036922,2.103254218,-0.3355284333229065,-0.7116696834564209
TCGGCCGCCC,641.84418,0.765764109,0.7284956574440002,-1.37064528465271
CCGCCGCGGC,640.8460629,8.396027045,0.2814095616340637,0.6615132093429565
AAAATCCCCA,648.5648308,10.62087555,-1.665522813796997,1.6177287101745603
GCGCCCCGGG,652.3800702,2.992728647,1.5572454929351809,-2.3463077545166016
TAAAGCGGGG,643.9081201,0.667339399,-1.9405665397644043,-3.006399631500244
GCCGCGAGGG,647.9445676,4.159101899,1.4290590286254885,0.4756020307540893
TAAAGCGGTA,614.1499211,0.864779673,-2.092847347259521,-4.076512336730957
ACCGACCTAC,600.6566538,3.997044537,-1.4976541996002195,0.0910772681236267
CCGGAGGGCT,638.6417583,5.056521231,-1.1319570541381836,-0.2461912333965301
GCGGCCGTTT,629.2686246,3.007873828,2.6724283695220947,-2.161508083343506
CTCATAGACC,655.0352082,3.977989407,0.7046274542808533,-4.43812370300293
AACAGACCCC,648.7528387,5.469145977,0.8333274722099304,2.366982936859131
CCCAAGCCGC,627.3232857,8.202224489,-2.4450528621673584,2.17905330657959
CTACGCGAAG,607.1713681,1.504486057,-0.4938485026359558,-1.9914644956588743
CCCCCGCGGC,618.936701,2.412290308,0.3283389210700989,5.3513946533203125
AGCGGCACGC,628.1599423,7.719174653,0.0243334770202636,1.4816248416900637
TGGGCGGCCC,646.7844118,5.305708363,0.4854875802993774,-0.6132394075393677
CCGCCGGGCC,622.0479335,1.25318038,-0.0262410938739776,1.2547762393951416
AGGCCCGCTT,644.9183015,1.064071728,0.4238827228546142,-3.173795700073242
CGCGAGAGAA,634.424577,2.047171839,-1.143465518951416,-0.3082589507102966
CCGCAGCTGG,635.682001,2.194108573,-0.4828011095523834,-0.5704597234725952
GCGGCGCCTA,623.5549184,2.056878301,-0.6813392639160156,-1.9751930236816408
TGCCCTGTCG,627.5612407,2.389147996,-0.3578610420227051,-0.5330128073692322
GTCCGGGCCA,646.5969022,260.9384528,0.7720096707344055,0.7639366388320923
TAACACCGTA,658.724341,0.538186576,-0.3789769411087036,-4.701842308044434
GCCGCCGGGG,659.6673406,0.647476811,0.5172285437583923,0.8780359029769897
CAAGACTTAT,620.7605126,1.036764281,0.3090477585792541,-3.876258611679077
CACCGGAGAA,601.0996251,2.87125247,-1.5200257301330566,-0.344423770904541
TCGGCCGCCT,639.8659052,0.631632627,0.3563142418861389,-3.785198211669922
TACACGCGGA,619.8915897,2.684279815,-1.0226836204528809,-0.4903954863548279
AAACGCGGCC,654.0241726,4.2627115,-0.5016817450523376,0.2533205151557922
GCCCGGGGAG,623.2631827,2.581837487,0.9155287146568298,-3.467691421508789
AGCCGCGGCG,592.638447,8.613070429,0.0122243762016296,0.316437304019928
GACTGCGACC,657.4651509,3.315026062,6.524600982666016,-0.503074586391449
CGAGCTAGCG,622.1911851,0.737162228,-0.4573193490505218,-3.82468581199646
AAACACGCCC,659.798739,3.543082203,-0.2828963994979858,0.7955862283706665
CGCCCGCCCC,633.8128757,5.281852565,-0.972346007823944,-0.8649782538414001
CGCAAGCCCG,600.8426488,2.353725692,-0.1823582947254181,0.1315727829933166
CCCCACCATG,608.220595,7.841475675,-0.7422220706939697,2.6531031131744385
CGTAGCGTCA,594.1420961,0.724810904,0.0439805388450622,-3.204214811325073
GGCGATTGCT,624.0175466,0.565460049,0.5844071507453918,-2.8201403617858887
TGAGGCGATA,652.6455048,0.594717779,0.1774662137031555,-5.119387626647949
GGGACGTACA,642.4527133,2.507889512,0.443069577217102,1.097514271736145
GAACTCGCCC,645.7435725,15.9423339,-0.1585257351398468,2.434877872467041
GAGCGCACGG,599.1919785,1.041355639,-1.8438563346862795,-0.3577224314212799
GGGACGTAAA,624.4656481,4.114635494,-0.6916418075561523,0.1881920099258422
CAGTCAATCC,597.9564404,0.793024712,0.5921582579612732,-0.2999333143234253
CGGAGCTACT,624.0737075,2.38312865,-0.2252926528453827,0.0630086660385131
AGAAAATCCC,595.9872781,1.56697529,-5.978465080261231,-2.7218449115753174
CCGCGACTCG,607.6722075,1.113250096,0.2374765872955322,-1.021202564239502
GGGGGCGTGA,629.7864117,1.27209084,0.4407316446304321,-0.8955376744270325
CAAGACCCCG,644.1953741,4.879707736,0.3950738906860351,3.758100271224976
GGCCGAACGG,651.6495298,16.3477201,1.5620522499084473,1.4258160591125488
TCCGGGGGCC,620.5102947,5.280171324,0.8832594752311707,-0.5834830403327942
ACCGCGGCCA,611.0982042,3.752924537,-1.140868902206421,1.023750066757202
AGAGCCCCCA,627.4412246,17.22068556,-0.8759235143661499,1.2689913511276243
CTCGTCCGCT,600.4560125,1.592159868,-1.2986924648284912,-3.126642227172852
TACGCGGCCA,604.7754506,1.614415455,-2.3842110633850098,-1.5548028945922852
CTCCGCAAGT,625.4832563,3.903326509,1.7834820747375488,-0.4448468685150146
GTACGCGGCG,614.934553,2.398822287,-0.9484347105026244,-1.5133503675460815
GCGGCCGCGC,642.2508053,2.572833123,0.3549025654792785,-0.7969801425933838
GGGACGGACA,655.3035948,1.008571508,1.167736530303955,-0.898910641670227
GGGAGACCCT,655.6197974,15.82928414,0.1302521228790283,1.313355565071106
GCCGCCACGC,648.2778708,1.142245503,-0.8549838066101074,1.98482608795166
GAAGCCCCCG,620.4509543,15.10273756,-2.8826534748077397,2.8129971027374268
AACCCGCGGT,653.6005435,0.62870593,0.7031418681144714,2.8423657417297363
CCACGTCCCG,641.6139985,0.707082123,0.2897062301635742,-1.8224451541900637
CGACCAAGAA,605.3224933,1.552186994,-1.3334704637527466,-2.003755569458008
GGGGGCCGCC,653.5803532,1.695372367,1.387575626373291,1.904658794403076
TACAAGCCGA,644.6549575,3.383846158,-0.0911740958690643,0.0963932871818542
CGACAGGACG,603.0985561,1.312224523,-3.768251180648804,-3.324623346328736
CCGACGAACG,618.1212586,2.413352689,-1.7814841270446775,1.5813651084899902
CCCCCCGTGC,614.0898138,7.238678249,-1.0941073894500732,1.617668390274048
GGGGCTGCCG,644.7742059,3.041488801,0.2919901013374328,-0.7304559946060181
AGGCTACCCC,629.5614074,1.788826144,-1.5871827602386477,-1.6099861860275269
TCCGGACAAT,648.894086,1.074385055,-0.258084088563919,-1.183013916015625
CCCTAAATCA,591.5174165,22.51253737,-1.6489317417144775,1.2805507183074951
GCTCCACAGA,641.3457146,1.740665073,-0.7633702754974365,-2.0145859718322754
AGGCGCGGGA,616.0724835,5.707998936,1.1408898830413818,-0.2883515655994415
GCCCCCCGGC,653.6452595,8.897397244,0.3009871244430542,7.411763191223144
ACGCGGCCGC,640.8162528,4.540327517,-0.2377512454986572,0.470399260520935
CCCACCAGTT,593.8077639,0.836861837,-1.5871093273162842,-1.2332853078842163
TGGATCCCAA,651.7522552,4.852977894,-7.024479866027832,0.3010915517807007
GTCCGGGAGG,632.5724133,1.840220294,0.0288650393486022,-1.5531792640686035
GGGCGGACAA,654.0438728,1.041287539,-1.2591623067855835,-2.364225387573242
AAGCCGCCCA,634.3805873,11.58055558,-0.6984530091285706,-0.305520623922348
AGCCGCCCCA,629.5254038,8.300176245,-0.3088976442813873,0.3755655288696289
CCAAGAACGC,602.9547089,0.504570064,0.7261528372764587,-2.3757710456848145
AAACACGCCG,637.1566252,3.1439701,-1.9223146438598635,0.2486891150474548
CTTTCCCACC,621.7306676,15.59679157,-1.3739309310913086,2.3894591331481934
CGGCGCGGGA,637.5556589,35.79453912,0.6655251383781433,1.8045053482055664
CTCCTCAGTC,624.9630734,0.521114258,-0.9742257595062256,-6.456177711486816
AGGCGTGCTG,654.6501558,1.971403342,-0.9800506234169006,-6.3764238357543945
CGCGCAAATT,625.307,7.111235363,-0.1952597498893737,1.414722204208374
GCCCGCGGGG,639.4504533,1.457616756,0.345794677734375,-1.596421718597412
TAGTTGCCGT,631.9438549,0.715486446,-0.5839059352874756,-4.778749465942383
CCCCGGAGAC,650.8264687,12.6737847,-0.5534198880195618,1.8539090156555176
GTCCCCAACG,640.5637401,3.452768467,-0.4310546219348907,-1.304466962814331
CACAGCGGAG,602.525072,0.976874158,-1.3373537063598633,-2.1131742000579834
CGCCGCGGCC,650.3322914,6.482179689,-0.7287905216217041,0.3597205877304077
TGGCGGCACT,626.0082695,14.61773257,-1.042417049407959,1.6678516864776611
CCCATGCCCG,643.6399467,1.47797399,1.207869291305542,-2.0007259845733643
CCGGTCCCCT,658.229948,2.611288051,-0.4900397956371307,-0.8940442204475403
GAGCCGGGCC,656.3511446,1.316676404,2.5341601371765137,-3.671242237091065
GGCAACCGCG,647.0987232,4.730236372,-0.3992961645126343,-1.3106672763824463
CCCCAATATG,656.7035898,10.68554322,-0.2675444185733795,4.938791275024414
CGCCGATCCG,633.4888713,2.162014956,-0.3644593358039856,-0.8240324854850769
CCGCGATGCG,644.9313714,2.220356768,1.3622231483459473,0.0436795949935913
AAGGCGGCCG,638.7045966,1.238755123,0.1615734696388244,-4.24764347076416
TTGGCGGTCC,620.952709,7.287862707,-1.4035868644714355,-2.8080592155456543
GGACCCCCGC,613.4039984,14.25321224,0.3476096987724304,3.268105745315552
CCGCGGGGGC,651.7260432,2.132329628,1.1408178806304932,0.5159437656402588
CCCCCGCATA,638.6439525,31.99120947,-1.068083882331848,3.801514387130737
CCCCCCGGGT,647.2380684,11.93287565,1.6159212589263916,1.7439756393432615
GACGCGGCCC,652.1620984,9.804558731,0.9436671137809752,-1.2092983722686768
GGGGGGAACG,643.8396064,0.822493597,1.6622273921966553,0.7782260179519653
AGGGGGGCGC,634.8808205,2.685750916,1.4444727897644043,-1.667565107345581
ACGTAGCGTC,636.2204527,9.406484,5.307265758514404,2.083991050720215
CGCCCGGGCC,650.891967,5.34106333,0.7659245133399963,-0.2823909819126129
TTACACGCCG,649.9157466,3.419162983,0.0560688972473144,-0.3503376841545105
CCGAAGCGCG,632.533235,4.553158009,1.0010828971862793,0.9005107879638672
GGGCGTGAAA,609.7543179,24.22908359,-2.0571959018707275,2.1427700519561768
ATGACCCTAA,612.2378998,6.82706677,-3.6408729553222656,0.0921777486801147
GCCGCGTCCA,612.9874335,75.22745503,-1.668396234512329,3.912484407424927
GCGCCCAAAC,629.4738284,3.406975763,0.9674254059791564,0.1901641488075256
CGGCTGGGCG,642.0476277,2.721916243,2.435338258743286,-1.3504403829574585
GGACACGCCC,622.4832618,4.249605068,-0.3474300503730774,0.1943391561508178
GAGATCCCAA,649.2868456,3.37681419,0.2670426368713379,3.0880494117736816
GCTCGTCGCC,644.9183015,1.064071728,-0.1849749982357025,-2.338247299194336
CCGAGATATG,593.408568,1.399350445,1.391366481781006,-0.5724011659622192
AGCCCCCGGC,641.1107989,10.33394523,-0.0634647905826568,1.8981492519378664
CACGGGCAGA,640.6789635,1.905534953,-0.544112503528595,-0.7500184774398804
GCACGCCCCA,612.7441078,1.302549176,-0.5824350118637085,-4.264078140258789
AATCCGCACG,612.3724943,0.967102623,0.7221388220787048,-1.8517416715621948
GGGCGGAAAT,636.9269136,0.681915545,-1.655064582824707,-3.2016139030456543
CGAACGGGTC,597.1541812,1.920313671,-0.977904498577118,-1.464999437332153
GCGCGGGCGT,627.521315,4.591765438,0.1602811813354492,-3.252384901046753
CGGCGACGCC,623.8525358,0.954003882,-0.6470171213150024,-1.0131895542144775
GCTCCGCTAG,621.9110805,1.093658423,0.1823257207870483,2.04583740234375
CGACACGATG,653.6018528,0.619513781,-0.358917772769928,-1.473404884338379
CCGCAAGATA,609.3616299,0.920892556,-3.4510180950164795,-2.929870843887329
GGCCGGGTAG,645.7510053,1.448879386,1.4042491912841797,-1.852971076965332
CCCCCTCGGC,638.7693231,19.77858214,0.9283106923103333,2.4652647972106934
CCACTCCCGC,657.0690191,1.971559532,-0.9658105373382568,-2.349736213684082
AACCCCCAGC,600.1642772,12.2559479,-2.3338327407836914,4.071805000305176
CGGCCGCAAA,646.072763,373.7564269,2.06749963760376,2.5665857791900635
ACCGCAAATA,635.0347931,0.570431126,-0.8894761800765991,-1.6219730377197266
AAGCCCGCAT,652.0891762,0.618207202,-0.6353421807289124,-0.7380363941192627
CGTTCCCCGG,656.109748,73.07073447,-0.4775898456573486,2.1435554027557373
TGAGCCGCCG,635.7925403,2.735923383,-0.9648593664169312,0.2748147249221802
CACCGAATGA,629.6281628,0.746019622,1.1071813106536863,-3.60135269165039
CTTCAATCCC,642.3729978,1.588414263,0.5366266369819641,-1.1979293823242188
CGGAGTCCGG,634.2011454,0.584248759,-0.2164662182331085,-2.4313015937805176
ACACGCCGAA,623.5557024,1.076812191,-2.2849812507629395,-2.3848347663879395
GCCGCAGCAA,641.2091074,1.426036971,-0.0445696711540222,-1.2559083700180054
CACGCGGCGC,642.9887657,1.860865511,-0.5261715650558472,-0.5259631872177124
ATGGGGAAAC,653.8759245,9.008634296,3.1506054401397705,-4.568563461303711
GCTCCCCGAC,641.4980071,4.714932901,0.2870519757270813,2.130656480789185
CGCGCCACAC,618.9677238,2.955992339,-0.8562812805175781,-0.6738871932029724
AAAGCGGCCG,645.4543988,0.585466061,0.015992522239685,-2.3042805194854736
GCGGGGGCGC,631.61336,0.870370487,1.9314525127410889,-2.309536457061768
TACGGCCGCG,652.0040295,1.145177759,0.5572593808174133,-4.042747497558594
AGGCGGCCGA,641.5708703,2.681999371,-0.1231038868427276,-2.0324478149414062
GCCGCCAGTC,642.2855402,3.791178836,-0.5569732189178467,1.914181470870972
AGTTCCGGGG,610.5793754,1.150460485,0.0935896039009094,-2.3983287811279297
GGATGTCCGG,638.0508612,1.205293372,-0.6689567565917969,-4.603198051452637
TCCCGAGAAG,659.3332356,62.20479578,0.0363800525665283,5.747529983520508
GCGGGGTAAC,652.6492357,69.7960377,-0.0296560227870941,3.203083276748657
AAGCCGCGGC,636.4528926,0.719435734,0.2394357919692993,-1.8110618591308596
AGAAGATCCA,591.4712003,2.309144373,-7.457590579986572,-1.4690574407577517
AATGAGTCCC,629.6833175,1.015334679,-0.553799033164978,-0.8584043979644775
ACGCGAGAAT,621.2159861,0.667445885,0.6042901873588562,-2.2346858978271484
CCGCGGCCGC,599.0226762,4.473880561,0.1154434084892273,-0.525033175945282
CGGCCACGCC,641.4439762,2.145156369,-0.3845895528793335,-0.8482218384742737
AGCCGCGCCG,655.617225,15.49843823,0.0439791083335876,1.3526798486709597
GGGTGCGGAG,596.2319254,1.351828317,2.200524091720581,-0.6777702569961548
ACAACCGCCT,651.6488002,4.755216247,-1.8643593788146973,0.2852283120155334
ATACCACCCG,649.5997859,23.12379932,0.3645876049995422,2.093092203140259
TTCCAGGGCG,626.7826366,1.379938374,-0.6985846161842346,-1.8326599597930908
GAGGGCGGGG,648.3991077,3.242908893,0.726200520992279,-0.8690237998962402
CCAGGCAACT,644.4754809,1.670679074,-1.6575088500976562,-1.7108646631240845
GGCGCGGCCG,648.2518393,5.253014967,-0.5450918078422546,0.0482130646705627
AGACGGATCA,597.9118882,2.040166024,-1.6840932369232178,-1.2208280563354492
CCGGTCACGC,603.7151083,1.026798516,2.065685272216797,-1.6287628412246704
AATCAATCAA,599.1890248,3.338242668,-1.947169065475464,-4.355059623718262
GGCCGCGGCG,591.9690451,3.902681099,-0.7238918542861938,-1.0517663955688477
CTAGGGCCCT,621.5929257,65.36544865,-0.2471814453601837,2.436983823776245
GGCAACGAAC,647.4986108,4.698783975,1.0953490734100342,0.6982289552688599
TCGACGCGGC,641.3804982,37.73224248,0.82721346616745,1.0346473455429075
ACAAAAGCCT,611.0057918,3.999828661,-0.8843518495559692,-6.0225982666015625
ATCCCACCTC,652.8583202,23.00576725,-0.0237510502338409,2.4596996307373047
CCCACGCAAA,626.0306169,3.094645116,-1.0917977094650269,0.7093183994293213
TAACGGGAAG,591.3564667,5.2860129,-1.8583924770355225,-4.089140892028809
GCGCCCATCG,598.468618,4.911155128,-0.7570680975914001,0.6630467176437378
GCTGCCGGGG,642.927382,2.167768303,0.6263087391853333,-1.6274890899658203
GGCCGGCGCG,656.1746124,1.027860908,-0.4363967776298523,-1.0611087083816528
CCCCCGTGAC,655.334591,13.38618661,-0.6919882893562317,0.2075472474098205
GGTCCCCGGA,628.8825732,9.04554631,0.893617570400238,0.5863535404205322
CAAAGCCCCA,637.340042,10.42733795,-0.7125952243804932,1.2495479583740234
GGAAGGCAGC,653.8967883,4.6527452,-2.629478931427002,-0.9122928977012634
AACCACCCTG,597.6005833,9.440398412,-0.8453381061553955,3.599271535873413
CCCCCGTCTT,634.0334334,7.155474853,-0.0718317627906799,0.7478059530258179
CGCCGGGAGT,650.1133675,0.547376433,-1.071385145187378,-1.4235928058624268
GCCCCCCTAG,617.1121575,14.45246219,-0.6408134698867798,3.297290086746216
GGCCACGCGG,636.5274795,12.5320863,-0.585092306137085,1.621628999710083
CCATCACATG,591.0261121,1.5806205,-2.89467716217041,-1.6534868478775024
GGCGCGGCGC,635.7459207,3.455654228,-0.4969709515571594,0.3898001313209533
GCGCGGGGGC,659.4448937,4.258860004,1.02400803565979,-0.7314070463180542
ACCCCCGGGG,613.5520494,68.6278061,-1.2644367218017578,4.710314750671387
AAAACCCCGT,655.0230268,5.718692117,0.5519941449165344,3.0778400897979736
GCCGCGGGAG,635.4334524,13.3901229,0.6324148774147034,-2.018146514892578
CGACGGCAAA,595.3931432,3.443521839,-1.465822696685791,0.2376169562339782
GCACGGGTTA,629.6640721,1.196480644,2.1327013969421387,-1.1534926891326904
CCCCGAGGCT,647.7077574,3.505486054,1.10870361328125,0.5283477306365967
GGCGACTCCA,647.6908055,1.690020127,0.6748291850090027,-1.235100030899048
TCCGGGATAG,650.0253962,0.82486353,4.900632858276367,-2.7884082794189453
CGGCCGCCGG,652.1828186,4.4690609,0.678494393825531,-1.8348697423934937
CCCGCCACGT,591.301725,2.543366714,-0.6726248860359192,0.4433852434158325
CGACTGCCGC,654.1462225,0.905628173,0.3701427578926086,-2.2888083457946777
CGACACGAGA,641.5986921,5.228382162,-1.9871609210968015,0.4517065286636352
CCCCCCGTGG,644.4929508,7.240994694,1.040902614593506,1.187493920326233
CCACGCCCGC,626.357224,2.180774919,-1.554790496826172,-0.2499207258224487
TGCGCCCCGC,613.0706667,7.340590893,-2.7056756019592285,-0.2264690101146698
GCCCCCGCGC,658.8440903,6.070353363,1.503204345703125,2.0110907554626465
GGGCCGGACG,655.3179649,1.777495236,2.8236868381500244,0.891426682472229
GGTCCGACAT,611.603162,0.794577192,-0.6836159825325012,2.0155673027038574
CGCCGCGCCC,627.1461909,1.20118453,-1.0291388034820557,-1.6481877565383911
GGATCGGGGG,659.2216153,10.41034334,-0.578727126121521,0.380936861038208
CCGACAACGC,605.0988568,9.816541806,-4.371828079223633,1.124359369277954
ACGGGCCTCG,652.0321121,3.484554334,0.9610558152198792,-0.1088221967220306
AGCCGCCGCA,636.0566081,0.83567854,-0.7605689764022827,-2.197803735733032
AGCCGGGCGG,643.2383554,1.958209098,1.0928950309753418,-2.377092123031616
GTCGACGCCC,644.8199457,7.290707002,2.0605127811431885,0.676199197769165
GCCGGCTCCC,638.0368408,71.59751563,-1.5747690200805664,2.853766441345215
AACGAAGAAG,599.2026931,2.57614789,-1.0475364923477173,-2.548794746398926
GAAATCCACA,627.1292514,26.70869579,-1.4278781414031982,2.067614316940308
GAACAGCCGA,610.1015034,5.170693971,-1.2033562660217283,0.7313616275787354
CACCCGACGT,624.3508278,4.03546824,-0.7953629493713379,0.6009025573730469
CGGTCCGGCA,653.2822265,2.085554597,4.318304061889648,-2.866526365280152
CTAACTGCTG,607.7690782,0.535430283,-4.666102886199951,-5.766177177429199
CCGGAACCGA,645.4992269,1.274359555,0.4863401651382446,0.3394403457641601
GGCAGCGTCG,616.5945607,1.471548648,-5.114875793457031,-2.5651421546936035
GGCCCGCGGG,659.66713,2.247268088,0.9428907036781312,-0.7898596525192261
GCCGGGGCAA,636.0995202,1.018146408,1.2406153678894043,-1.7472916841506958
CCCAACCCGA,640.967982,81.80522105,-3.18027925491333,3.767320871353149
TCCCCCGAAA,647.1544574,24.06377215,-0.2554061710834503,3.704775094985962
AGCCCCCGGA,630.6535213,161.1900777,-0.789290189743042,2.496206283569336
CCCCCGGAGG,611.0485101,6.478735478,-0.8504654169082642,0.7267839908599854
GCATAGAACG,622.4106075,3.0164881,-0.3738015294075012,-0.2465523481369018
CCACATCTAC,620.4699805,13.38461759,-3.729927301406861,2.884959936141968
TTCGCCACGC,592.4987597,0.989322088,-0.9673036336898804,-1.9933252334594729
AACAGCGCCC,592.6972224,13.52022259,-0.9826732873916626,-0.2246762216091156
TTACACGCCC,641.4717871,3.332282543,1.363520860671997,0.3374204039573669
GTCCCAAGAG,650.8758731,1.139499056,0.1439471840858459,-1.2562665939331057
ACAACAGGCC,633.119283,3.120884589,1.2283165454864502,-3.451826810836792
CGACACTCAC,659.4965273,10.2521827,-3.393568992614746,0.806717038154602
GCGCGACACG,654.8966022,1.494855261,-1.438897728919983,-0.265728086233139
GGGGTACGAA,659.3628648,2.865040701,0.4891526103019714,0.177713394165039
GCCGCCTCAC,635.9502501,1.049391024,0.0673864483833313,-1.8600221872329712
TCCCCCGAAT,648.8575154,17.42975747,-0.697050929069519,2.1134612560272217
GGCCGGGCCC,641.4741103,2.103606281,1.1449506282806396,-0.2668853998184204
AAGCACCAGA,658.2542359,3.972374213,0.5900658965110779,0.793883204460144
GGTCGGACGG,636.4149308,3.208838359,-0.5112544894218445,-0.3254406154155731
TCTCTCATCA,599.3908108,1.222141346,-3.042328119277954,-8.71596908569336
GCCTCGCCCC,640.7935328,2.535694214,-1.312385082244873,0.1607256531715393
GCCGGGAGCG,656.0818338,2.597410529,-0.0349780619144439,-1.9318293333053589
AACATCGCGT,599.8131006,3.738349115,-2.3956847190856934,-0.7045331001281738
CGGCCGCGGT,650.9096678,0.913981414,0.2772538065910339,-1.0363130569458008
TCCCACGGAT,603.755061,6.258765991,-1.717195749282837,2.0976579189300537
GGCCCGCCCG,648.2737694,3.567703823,-0.6330673694610596,1.1759809255599976
GACCCCGAAG,635.8163744,8.369713155,-0.7528448104858398,1.4123835563659668
AGCCGCAAAC,635.848982,5.549373017,-2.9763824939727783,0.3124422430992126
TAGGGTGTAC,593.2885108,0.588692324,-0.2490322291851043,-1.8853050470352173
CGACCCACCC,609.8120437,10.86947623,0.9357253909111024,3.283461809158325
GCCGACCTAT,646.1566705,30.25046332,0.4523461461067199,2.5027778148651123
CGCGGCCGGA,620.9909324,7.275859376,-1.2792766094207764,0.8012335300445557
GGCCGGGAGG,656.7995713,1.150635636,-0.5689115524291992,-0.9741702079772948
CCTGCGCAGA,636.9827061,0.950132274,0.9699484705924988,4.872967720031738
GGGCTCGCGA,655.1385954,0.886132699,-0.0552714169025421,-1.650431752204895
AAAGTCCCGT,642.6245698,0.539305493,-0.0212309062480926,-4.316465377807617
TTGGGCGTCC,650.8029308,1.520909122,1.387803077697754,-3.3494348526000977
CATGCACCAG,592.3462972,1.151782608,-1.89685583114624,-1.8128576278686523
CCAGCTCCCG,652.9165949,123.1599659,0.6787446141242981,2.000237226486206
TCACCGATGA,612.6783412,0.655831288,-1.4229671955108645,-1.7830806970596311
TGCCGCGGCC,602.8871131,6.382401012,-0.7024656534194946,0.6094825267791748
TAACAACGGG,602.2407442,0.921402982,-0.2378326058387756,-4.30198860168457
TAAATCCCAT,606.9968786,1.83606258,-2.9892690181732178,-2.2706844806671143
CCCACCGCGC,634.6122384,5.693191423,-0.4905338883399963,0.8625653982162476
TTACGACCCA,639.5689716,55.0518525,0.3476331233978271,3.3548922538757324
TCCCAATCTT,599.8147133,2.208251047,-2.827144861221313,-0.6306073069572449
TCCAACCCGG,659.7573795,18.33395872,0.5628051161766052,4.161581993103027
TAAGGCCCCA,628.0586965,5.332028725,-0.4976024925708771,-2.114608764648437
TACCCTAATC,613.32812,20.86443403,-5.375308513641357,3.466867685317993
GCCGGCGCGG,645.1422866,0.811462018,-0.6800255179405212,-0.9186687469482422
GGCAAGATGC,652.1632304,0.846225138,-2.312940120697021,1.4125697612762451
GCCGTCCCCA,634.0911717,7.935342931,-1.3571983575820925,0.7469077110290527
AACCCCACGT,649.9672276,17.30616791,-0.9596400260925292,1.6842083930969238
ATCACCCCGT,638.4220202,2.645023407,-0.0416253805160522,-2.071136474609375
CCCACCAACA,625.9615156,3.866929188,-1.836273431777954,-0.4948724508285522
GGCGACCGCA,611.2109041,1.804553959,-0.654632031917572,-1.5298901796340942
TGGACGGCGG,644.3261049,1.585641052,0.9814462065696716,-1.5827598571777344
CACGCCGCCC,632.3363518,0.760135503,-2.613093852996826,-1.4044677019119265
TTATCCCACC,600.6630063,38.08426844,-1.893476963043213,2.8740575313568115
GCACGTCCCA,646.1859692,1.012690849,0.6366679072380066,-2.421844482421875
ATCCCAACAT,611.0006308,52.88488354,-1.3000972270965576,4.6673078536987305
CCCCAATAGT,654.0789635,31.48509008,-0.5362060070037842,3.933950185775757
CTGGACTACG,658.3086193,3.475599888,1.925436019897461,-0.7663081884384155
TCCCACGATA,643.7586393,16.31516877,-0.3658880591392517,1.941923141479492
TAACCGCGAG,650.2894839,2.023621647,-0.6116790771484375,-5.175508499145508
CGCCCTATCC,642.3100633,3.425878558,-1.6057531833648682,-0.636524498462677
GCCCCCGTGC,629.4882101,5.065896817,-1.5003999471664429,3.3078067302703857
ACGCGCGCAA,657.615795,3.985643769,-0.6391434073448181,1.324801683425903
CTGTCCAATC,656.5200542,2.948217612,-0.082480639219284,-1.4638330936431885
GCCCGGGTCC,650.4908475,1.090453347,-0.4569969475269317,-0.7491230964660645
CGGACCGGAA,655.6653483,3.223411599,2.450701951980591,-0.3840947151184082
ACGAACATGC,609.4137518,3.046155725,-1.1869343519210815,0.8304868936538696
AAACCACCCG,656.2770048,8.626972411,0.3169988989830017,1.455657720565796
CCAAGCCCAG,612.0451014,3.578713278,1.0457024574279783,-0.446853756904602
GCGATCGCCC,636.5379473,1.579724098,4.506309509277344,-0.3982829451560974
CATCACGCCC,615.4500894,17.32592358,-1.7957818508148191,2.3243184089660645
ATCCGAGCGG,639.4064613,2.542528235,1.0072381496429443,-0.2556562721729278
CCGAGCTCGT,634.3582288,4.063258544,0.2472605109214782,0.9429861307144164
CCCCCGAGGC,657.2878447,9.199781546,0.4289231896400451,1.540560960769653
CCGCCGTCAC,630.9285868,1.175199489,-0.638184130191803,-0.9193472862243652
ACGGAGAATT,642.3488647,1.83410195,0.0604969263076782,-1.402327299118042
AGGCCGCGAA,652.2008985,1.18119048,1.9677093029022217,-3.346074104309082
CACAAACCCA,652.3114579,184.004925,-2.155050039291382,2.39666485786438
CGCCGCGGCG,647.4254092,1.562827626,-0.7203024625778198,0.1102728843688964
CGGGGGCCGC,628.0862464,1.683448839,-1.1493606567382812,-1.1365346908569336
GCGGGAGCGG,651.4169758,0.757570584,0.5038320422172546,-0.8010038733482361
CCCAGAACGA,650.7925665,0.981612785,-4.440796852111816,-1.206499099731445
CAGTCAATGC,632.2495467,6.706916193,-1.0116908550262451,1.251399278640747
CGGCGCGGGC,633.764019,4.580527904,-0.2536915242671966,0.7861560583114624
GGGCCGGGAG,631.2714787,2.896062135,0.0168747901916503,-1.1151859760284424
CCACGCGGCC,641.3346996,13.64893032,-0.8323780298233032,0.8002065420150757
AACCCCAAGT,630.6496398,10.42800435,-1.529122829437256,2.271555185317993
CCGCAAAGTA,593.2258039,0.599222878,-2.1378870010375977,-1.8105239868164065
TTTCGGCCGC,641.9840302,1.769735752,0.1387634873390197,-2.8516292572021484
GTAGCGACCC,615.5669675,0.553459745,-1.7385625839233398,-2.327421188354492
ACCGCAGCCG,619.3599797,32.22868129,-2.54062294960022,3.5344221591949463
CCGCAACCGA,612.4992806,2.410652042,-1.3769652843475342,-1.5096006393432615
TCGCCCAAAC,621.0675489,5.3597227,-0.941173791885376,0.4781695604324341
CCCCAATATA,650.2230941,126.9193036,-0.3294433355331421,4.410120964050293
CGCGCCTGAG,657.8229471,1.979254433,-1.3160083293914795,-1.946915626525879
TATCACCGGC,614.8467272,13.52910454,0.7057222723960876,3.464576005935669
CGGCCGCCGC,616.8843518,1.053022516,0.1571601629257202,-0.7067055106163025
CGGCACGCCC,657.6381575,3.765788436,-1.1637766361236572,-1.3395416736602783
CGGCCCCGCC,655.7601387,2.619502668,0.5050516724586487,1.0252835750579834
CGGCCGCCCT,623.8113332,2.671192211,-0.8088932633399963,-0.4638903737068176
GCGGTATCTG,638.4555598,0.835711387,0.9820708632469176,-3.943024158477783
ACCGCGACCG,636.3985322,2.587941145,0.0659689903259277,3.697510004043579
ACCCGATGCA,625.3728263,13.30121434,-4.949188709259033,3.199136018753052
GCGCAGCCGA,653.6744245,3.199539105,0.9125871062278748,0.7208372354507446
CGGGGCGCGC,659.1022542,2.481449,-1.2126009464263916,-1.536107063293457
GGCCGCCCAA,634.6408203,0.904413833,0.016331672668457,-1.8956513404846191
AGCCTCCAGG,614.1405818,1.182108497,-0.4822072982788086,-5.007916450500488
GCCGCCGCCA,646.7497958,0.864199203,0.1282139420509338,2.256319522857666
TCACGCCGCC,649.8714628,0.737318334,-0.0125991106033325,-4.233029842376709
CGGCCGCCCG,649.4423068,11.15392554,0.2924898266792297,0.1836522817611694
CCCCCGCGCT,653.4257287,0.763967138,-1.6840529441833496,5.149099349975586
CGCCGCGTAC,604.7579889,26.85710012,-1.4390783309936523,1.5647387504577637
ATCCCAACGC,628.2455961,3.105621753,-1.6610870361328125,0.3795728683471679
GTCAACCGCT,617.3791226,9.427813682,-0.7714685201644897,0.5886828899383545
AACCATCCCG,644.8626398,12.53811912,-0.2898823618888855,2.096616744995117
TGAACGGAGA,605.6826086,8.28413486,-0.0862571001052856,-2.758264780044556
ATACGAGAAG,600.5021953,15.3989361,-0.7941568493843079,2.1219732761383057
GCCGGGAATG,648.7211684,64.50631164,1.5348002910614014,0.3095337152481079
GCCGGGAATC,658.1950046,1.956180013,-0.1343503594398498,-0.3712463676929474
GGACACGGCC,643.8437849,0.649738605,-0.7742609977722168,-1.625970482826233
GCCGGAGGGG,647.2534085,8.02186108,1.727708339691162,0.9718934297561646
CGAGAAATGA,630.9698529,0.554498054,-1.8048570156097408,-2.4627106189727783
GGGGACGACG,645.6425339,1.683661633,0.3598518371582031,2.3443195819854736
CGGGCGCGGC,629.1446663,1.270487538,-1.4751687049865725,-0.7242374420166016
TATCCTACAC,627.6874358,4.53162795,-1.669938564300537,0.5256459712982178
GAACCCCGGT,650.2224018,47.96474583,-0.3851154148578644,5.675314903259277
CTAGCGTCGC,659.4148713,8.577323331,-0.6588684916496277,1.0229370594024658
CGGGAGCGGC,628.9209496,4.497215884,0.1058430075645446,0.4760814905166626
CCACGACCGG,640.0416669,35.66809118,0.9295664429664612,0.755581259727478
AACCGAGAAG,591.2510254,46.43707537,-1.407733678817749,4.27691650390625
TGTCAACAAA,641.7373061,21.90195259,-0.1226411759853363,4.036774635314941
AGGCCGCCCA,600.171947,1.194860081,3.0160605907440186,-0.3290069103240967
CGGCACGCCA,629.0625332,1.861756422,-0.4751685857772827,-1.2774137258529663
GGCACGAGTT,598.9404379,1.516826535,-0.9177449941635132,-1.4962308406829834
ACCACGCCGA,636.1757648,2.958129267,-3.00965428352356,0.5307756662368774
ATCCCACCGA,641.6082212,3.866355792,-1.5038108825683594,3.331585168838501
GGGATCCCCG,592.5442145,86.62130008,5.335871696472168,4.049510002136231
TGGGCCCGGG,594.2823184,1.622097387,0.3288213610649109,-2.452306270599365
CCGGGCCGGA,655.5147264,10.67364391,0.7407326102256775,0.0456017851829528
CGTCTCCGCG,648.9785038,1.798884551,-0.8190460801124573,-0.4120044708251953
CTCCGCCGCC,595.1664452,0.535046649,-0.1250503063201904,-0.845992922782898
GGGCGCGGGC,641.7238871,3.36800392,0.3539631366729736,0.2659592032432556
TCCGGGAAAG,640.1864182,0.84326545,0.1981287002563476,-0.3367922008037567
GGCGCGGACC,635.0071148,3.767609174,0.3346694111824035,-0.3298049867153168
CGCCGCCTAC,653.576081,6.581735892,-0.5897130966186523,1.692103147506714
GTCTAGGGGG,607.9718558,1.36393731,-1.7249338626861572,3.675450563430786
CGCCGGCCCC,656.4311399,0.52010824,-0.502458930015564,-1.998055100440979
CGGCCGGGAG,646.7004761,1.979624676,0.0423142313957214,-1.413013577461243
AGATCCACTG,593.2642667,0.907765021,-5.5997467041015625,-2.138700246810913
AGACCAAGAC,604.179668,2.863756066,-0.1617549955844879,-0.4637897908687591
ATCCCGCCCA,655.1221869,3.728625422,-1.4740636348724363,-0.7848158478736877
GGAGAACCGC,642.2054957,1.055792741,-6.881336688995361,-1.3463133573532104
GGACGCGGCC,606.6689492,1.706764877,-0.2749536633491516,-1.4815011024475098
AGGGGCCGAA,605.4555601,2.636251291,1.408421754837036,-1.1294584274291992
GAGCCCCCAA,650.8401003,21.94960524,0.0205448865890502,3.2471818923950195
CCACGCGGGA,649.6090061,5.167472847,0.1852167248725891,1.829157829284668
GCGGCGACAC,620.4672865,1.33410589,0.0532050132751464,-1.16690993309021
TCACGCCGGA,658.3605646,0.571699877,-0.0098462700843811,-1.7963448762893677
GCCTACGCAA,652.0719599,0.813608263,4.0329270362854,7.769445419311523
CGCGGGGGCG,652.0171961,1.213779578,0.2142767310142517,-1.8896796703338623
ACGCGACCGC,635.3379812,5.975181037,-1.203432559967041,0.537930965423584
GAGCGGGGGG,657.4226542,1.686761098,0.9329656958580016,-2.357262134552002
GCCGCCAATC,636.8184327,1.182669905,-0.5496161580085754,5.253726959228516
CGCCACGCGA,614.7292134,6.575589879,-0.198646992444992,0.8312989473342896
CCGGGAGGCG,659.6658314,2.971863743,1.413646936416626,0.0334504842758178
GCCGATACCC,610.6938091,8.376779111,1.2047686576843262,2.830536127090454
ATTCCATCCA,596.1672588,1.073601107,-1.3872907161712646,-3.592183828353882
CCCCCTGTGC,656.7596098,1.783702037,-0.0090249776840209,-1.1879377365112305
AGCCGACCGC,641.7449791,26.14545291,-0.2629565894603729,0.6056312322616577
ACGCACCCAG,593.0042246,44.2076277,-2.5243358612060547,0.4155339002609253
CGCCGCGGCA,627.6446979,2.240000706,-0.6682913899421692,0.248402714729309
CCCCCGGAGT,603.57868,15.61238306,-0.4894289970397949,1.0813311338424685
GCCCCCGACA,627.0052148,7.455799323,-0.6369799971580505,2.795180320739746
CCCCCCTGGC,634.8706776,6.448110791,0.4054352045059204,0.5306410789489746
CCGAGAGAAG,597.9912794,14.14201156,-3.4274349212646484,1.150178074836731
CGGCCGCGCC,640.6708225,1.908279499,-0.207533061504364,0.4638723134994507
CGGGCCGCCC,659.786766,0.753751043,2.005748987197876,-0.5663930773735046
CGGGCGGGGC,659.2799798,0.623596974,-0.4390623569488525,-0.8675222396850586
CGGCCCACAC,630.423826,3.295087645,-1.0492770671844482,0.5694396495819092
GCCGGTGCGC,619.3664772,1.608024844,-0.1594387292861938,-2.172569274902344
TCCGCCGGGG,653.8561309,4.152677912,0.9534278512001038,-0.129761517047882
ATCGGCCCTC,627.2914832,0.591086249,-2.631489992141724,-2.119032382965088
GCCCGGGGCG,645.1262408,2.771551687,0.8479669690132141,-2.6959457397460938
AATCCAATAA,602.8187161,1.388580407,-1.392573595046997,-1.7462358474731443
CAAGGCGGGG,646.4580688,0.737750466,0.0050042271614074,-1.8410791158676147
CGCCGCTCAC,628.4806834,3.705281049,1.066089153289795,-0.6535934805870056
CGAACCCGGA,640.4842565,5.641007165,0.0627656579017639,2.4111695289611816
GTCCCGGGAG,655.6561253,2.449875366,1.349257469177246,-0.6176002025604248
TGCGACACCA,647.7153336,1.50484812,-0.6163743138313293,-1.7957860231399536
CGGCCCACGC,659.9425892,29.44377039,0.3852669596672058,0.4039390087127685
CGGCGGCCGC,628.4928314,14.73816268,0.0852303504943847,-0.0483728647232055
GCGTCCCCCT,635.9265038,2.756825288,-1.0835402011871338,-0.983906626701355
CCCGTCCGGA,623.7525208,5.301973048,-0.250420868396759,0.7404099702835083
ATCCCCACTT,612.7247579,3.948157812,-1.781444072723389,0.335269570350647
GGGGCGCGGC,637.7084062,20.73148263,0.6717050671577454,2.255882978439331
CCGGGTAATC,627.4690411,6.576015173,-0.558739185333252,1.0680006742477417
GCCACGATGC,655.7458008,2.342154699,-0.3025501072406769,1.7485651969909668
GGTACGGCGG,600.2062369,1.060710314,-0.0133509933948516,-0.9712174534797668
GGCAGCGCAC,650.864355,7.469958269,-0.1081294119358062,0.154421329498291
GCGTCGGGGG,650.7698303,3.388336389,-0.6047568917274475,-1.5945384502410889
GTGCTTATGG,636.938235,2.401806498,-0.1705085635185241,-5.602147102355957
GCCGCACGCG,627.0588068,51.26961887,-0.539962887763977,4.268234252929688
GACAGGGGCG,656.7129467,1.711904783,1.3893804550170898,-1.2758595943450928
GCCGACCGCG,649.8166236,13.31108101,-0.5333821177482605,2.7554311752319336
GCCCATGCCC,630.8518293,1.477531736,-0.4352016448974609,-1.8727264404296875
CCCCCGGACG,654.3281914,29.4458163,0.4224093556404114,2.8416082859039307
CCATCCTGAG,643.532327,0.590353204,-1.2971124649047852,-1.683091163635254
TCCAGCGGCC,650.8535616,1.215891697,-0.2363289594650268,0.119866132736206
CCGCGCTCCA,632.8953191,1.02377486,-0.7074532508850098,-1.0663326978683472
AGGCGGGATA,647.6465182,1.331570145,0.5054848790168762,-1.8408777713775637
AGTCCCAGCA,593.685413,0.733649117,-0.8775865435600281,-4.520148277282715
GGGACTCGAA,614.8528864,1.03122775,0.6864214539527893,-0.6120298504829407
GCGCCAGTCC,640.1166452,1.15324584,-0.954134464263916,-2.6209490299224854
GGGCGCGGTC,651.2570786,1.642929781,0.2011767029762268,-4.01287841796875
ACGGACTGCA,641.2091074,0.665666313,-0.0591110587120056,-3.776972770690918
GGGGGGCCGG,658.7225211,56.70959236,1.1565372943878174,2.142774105072021
CGGAGAAAAT,593.963683,0.808615831,-4.818051815032959,-4.348196983337402
CCACCCCTGC,618.9079674,59.86767447,-0.1881101727485656,7.868599891662598
CGGCCGCCCC,656.3896456,1.701106955,-0.7575870752334595,-0.6708986163139343
CGGGACGGAA,635.0998515,1.712372084,0.9308285117149352,-2.693368673324585
GGGTCCGGGG,619.4564037,2.305772041,-0.5008170008659363,-2.211432218551636
CTCCGATCGC,629.3232431,3.204122685,0.0862380862236023,-0.5769751667976379
ACCTCCCCAA,590.9142857,39.6074434,-3.4530818462371826,3.999841928482056
GCCGGCCGGG,640.0582538,6.075038817,-0.5815789699554443,-1.708200454711914
CCGCCACGCG,656.7034507,5.842691659,0.3193134069442749,1.986754894256592
GCTCTTGAGA,635.5230561,0.616827611,-1.8923015594482424,-1.389601707458496
TAACTATGGT,650.1149356,5.375905547,-2.800744771957397,0.5572128295898438
CCAAGACCCA,645.5187866,3.816709855,-0.5962461233139038,0.9946132898330688
TTGGGGTACC,601.1108248,0.764969929,-1.9285900592803955,-2.389320611953736
GGGTCGGCCG,659.3458934,1.505224052,1.2305662631988523,-1.4390329122543335
ATCCCACGAG,614.6326961,2.118122629,-0.4646559655666351,-0.2655668556690216
AGACTGGCCA,653.3691913,2.833554991,0.4094744920730591,-0.3083716928958893
GTTCACCCTA,652.8593539,0.959106567,-0.7458810806274414,-1.8043601512908936
GGGCCCGGGT,658.0211112,0.921911903,1.5609123706817627,-4.587790489196777
CCGGCCCGGG,655.2523347,7.455817513,0.9933425784111024,-0.0711599588394165
AACTCGCAAA,655.0767391,6.344861252,1.4081785678863523,2.885571956634521
TGGGCAGACT,651.3342971,0.644930413,-0.8371011018753052,-1.6792889833450315
GGGCCGGGAA,646.0196754,3.150416606,2.355775833129883,-1.4424867630004885
ACGCCACCGC,640.7779366,6.797569722,-1.3471643924713137,1.5033507347106934
CCACTCCCCG,636.6686615,12.67006056,-0.7912036180496216,1.1607253551483154
GGCGGGGGAG,657.915566,11.87876038,0.8414116501808167,-1.218407154083252
GCGCCGCAAT,625.5701134,4.793298996,-1.4473490715026855,0.3585274815559387
ACCCTAATCT,611.6701133,1.93984449,-8.328011512756348,-1.670663595199585
CCACCACTCG,655.8760577,2.050048962,-1.1674177646636963,0.3082269430160522
GGACTATCTC,640.4501131,0.948513668,-0.6433050632476807,-4.274584770202637
CCCCCGGTGC,612.488055,4.004444433,1.0478549003601074,1.1315923929214478
GGACCCCCGT,614.3943253,43.19270559,-2.253481864929199,3.5293333530426025
CGGGCGGCTA,638.4452628,1.106154281,-0.3506447970867157,-1.6010127067565918
GAAGCAAGAT,613.3188331,2.82966617,-4.4885969161987305,-1.3235092163085938
ACCTACGCGC,599.7984179,2.53126775,-3.745675802230835,1.7231347560882568
TGACCCTAAA,626.9304233,2.518725824,-1.316807985305786,-0.480237752199173
TCCCCCGATT,643.9236037,2.535043765,-0.0417245626449584,-1.8960052728652956
GCCAACCAAA,658.9528686,12.93851942,0.1407744288444519,2.289503812789917
GCCGAGCCCG,655.4077558,1.72030947,0.4985168576240539,3.9936349391937256
CGCGCGGGCG,630.3573184,3.021139923,0.3842638731002807,-0.4901513159275055
GCCGCGACGC,641.7043571,3.969178781,0.6032058596611023,2.299931049346924
GTCCACGCCG,598.3549945,0.765144233,-2.1153271198272705,3.045573711395264
CGAGAGACGT,626.6847105,6.942239769,-3.205824613571167,1.083424091339111
AGGCCGGGGC,651.9242183,1.456727037,1.0598084926605225,-1.37083101272583
GCGACCCCAG,629.3613858,27.18615053,-0.438210666179657,2.263885736465454
GACGAAACCC,613.0010112,2.408457987,-1.6416051387786863,-1.232252597808838
GCCCGGGCCC,659.4903883,2.636941698,0.3494980931282043,-1.097955346107483
GCTACGCGCC,647.7495894,14.70436024,-0.3426203727722168,2.241260051727295
ATCCCGTCGT,639.3764883,2.660396045,-1.4778094291687012,-0.7657898664474487
GTGCGGGCGG,655.0223347,1.016757339,1.315113544464111,-2.144606828689575
CGCGGCCGCC,646.2672112,0.601810547,-0.837756872177124,-0.5619207620620728
CCAGCCGCGC,610.6480695,8.841893085,1.3031954765319824,1.091753363609314
CGGCGGCCGA,645.1503434,4.048271552,-0.1503722965717315,0.5194005966186523
CCGCCCGCCC,641.6111575,17.21611716,0.6411275267601013,1.0093700885772705
CACCACTCGT,597.8427806,4.8517454,0.6555631756782532,1.2310994863510132
AGTGCCGCCC,598.780915,0.547748813,0.5281952023506165,-3.812014102935791
TCAACCCCCG,645.8701885,41.98034839,2.159625291824341,5.582729339599609
CCAGGCCGAC,659.5898531,8.26423348,0.7001408934593201,-1.0438685417175293
AACCCCCGGT,600.273939,50.11446448,-2.150654554367065,6.239541053771973
GGTCCCGGCA,619.0545981,0.917987476,1.4032869338989258,-0.3044804334640503
